column,value,count,percent
DPQ010,0,2363,56.71
DPQ010,3,253,6.07
DPQ010,1,1202,28.85
DPQ010,2,334,8.02
DPQ010,7,3,0.07
DPQ010,9,12,0.29
DPQ020,0,2330,55.92
DPQ020,3,212,5.09
DPQ020,1,1323,31.75
DPQ020,2,294,7.06
DPQ020,9,6,0.14
DPQ020,7,2,0.05
DPQ030,1,1686,40.46
DPQ030,0,1433,34.39
DPQ030,3,534,12.81
DPQ030,2,510,12.24
DPQ030,9,2,0.05
DPQ030,7,2,0.05
DPQ040,0,1009,24.21
DPQ040,1,2110,50.64
DPQ040,3,472,11.33
DPQ040,2,570,13.68
DPQ040,9,3,0.07
DPQ040,7,3,0.07
DPQ050,0,2368,56.83
DPQ050,3,289,6.94
DPQ050,1,1136,27.26
DPQ050,2,371,8.9
DPQ050,9,3,0.07
DPQ060,0,2630,63.11
DPQ060,1,1052,25.25
DPQ060,3,212,5.09
DPQ060,2,268,6.43
DPQ060,9,2,0.05
DPQ060,7,3,0.07
DPQ070,0,2696,64.7
DPQ070,3,203,4.87
DPQ070,2,277,6.65
DPQ070,1,988,23.71
DPQ070,7,2,0.05
DPQ070,9,1,0.02
DPQ080,0,3411,81.86
DPQ080,2,129,3.1
DPQ080,1,510,12.24
DPQ080,3,108,2.59
DPQ080,9,6,0.14
DPQ080,7,3,0.07
DPQ090,0,3868,92.82
DPQ090,1,209,5.02
DPQ090,2,57,1.37
DPQ090,3,28,0.67
DPQ090,9,5,0.12
DPQ100,0,2573,61.75
DPQ100,2,207,4.97
DPQ100,1,1306,31.34
DPQ100,3,74,1.78
DPQ100,7,4,0.1
DPQ100,9,3,0.07
ACD010A,1.0,3400,81.59
ACD010A,,767,18.41
ACD010B,,4158,99.78
ACD010B,8.0,9,0.22
ACD010C,,4000,95.99
ACD010C,9.0,167,4.01
ACD040,,3496,83.9
ACD040,2.0,110,2.64
ACD040,4.0,134,3.22
ACD040,5.0,144,3.46
ACD040,1.0,184,4.42
ACD040,3.0,97,2.33
ACD040,7.0,1,0.02
ACD040,9.0,1,0.02
ALQ111,1.0,3739,89.73
ALQ111,2.0,404,9.7
ALQ111,,20,0.48
ALQ111,9.0,4,0.1
ALQ121,2.0,227,5.45
ALQ121,10.0,420,10.08
ALQ121,4.0,360,8.64
ALQ121,,425,10.2
ALQ121,8.0,204,4.9
ALQ121,3.0,327,7.85
ALQ121,0.0,608,14.59
ALQ121,9.0,408,9.79
ALQ121,6.0,460,11.04
ALQ121,5.0,316,7.58
ALQ121,1.0,128,3.07
ALQ121,7.0,280,6.72
ALQ121,99.0,2,0.05
ALQ121,77.0,2,0.05
ALQ130,3.0,471,11.3
ALQ130,1.0,1008,24.19
ALQ130,2.0,994,23.85
ALQ130,,1047,25.13
ALQ130,5.0,166,3.98
ALQ130,12.0,42,1.01
ALQ130,10.0,28,0.67
ALQ130,6.0,106,2.54
ALQ130,9.0,15,0.36
ALQ130,4.0,208,4.99
ALQ130,15.0,18,0.43
ALQ130,999.0,7,0.17
ALQ130,8.0,32,0.77
ALQ130,777.0,4,0.1
ALQ130,7.0,14,0.34
ALQ130,14.0,2,0.05
ALQ130,11.0,4,0.1
ALQ130,13.0,1,0.02
ALQ142,0.0,1278,30.67
ALQ142,10.0,581,13.94
ALQ142,,1035,24.84
ALQ142,6.0,195,4.68
ALQ142,5.0,155,3.72
ALQ142,1.0,33,0.79
ALQ142,9.0,304,7.3
ALQ142,2.0,53,1.27
ALQ142,7.0,230,5.52
ALQ142,8.0,111,2.66
ALQ142,3.0,89,2.14
ALQ142,99.0,10,0.24
ALQ142,77.0,6,0.14
ALQ142,4.0,87,2.09
ALQ270,,2319,55.65
ALQ270,0.0,772,18.53
ALQ270,10.0,408,9.79
ALQ270,6.0,105,2.52
ALQ270,9.0,138,3.31
ALQ270,1.0,8,0.19
ALQ270,4.0,53,1.27
ALQ270,8.0,62,1.49
ALQ270,7.0,142,3.41
ALQ270,99.0,7,0.17
ALQ270,5.0,76,1.82
ALQ270,2.0,29,0.7
ALQ270,3.0,45,1.08
ALQ270,77.0,3,0.07
ALQ280,,2323,55.75
ALQ280,10.0,284,6.82
ALQ280,0.0,1083,25.99
ALQ280,7.0,96,2.3
ALQ280,1.0,10,0.24
ALQ280,6.0,68,1.63
ALQ280,8.0,69,1.66
ALQ280,99.0,5,0.12
ALQ280,5.0,55,1.32
ALQ280,3.0,28,0.67
ALQ280,9.0,91,2.18
ALQ280,4.0,34,0.82
ALQ280,2.0,20,0.48
ALQ280,77.0,1,0.02
ALQ151,2.0,2976,71.42
ALQ151,,441,10.58
ALQ151,1.0,747,17.93
ALQ151,9.0,2,0.05
ALQ151,7.0,1,0.02
ALQ170,,2325,55.8
ALQ170,0.0,876,21.02
ALQ170,3.0,116,2.78
ALQ170,1.0,373,8.95
ALQ170,8.0,22,0.53
ALQ170,30.0,34,0.82
ALQ170,2.0,204,4.9
ALQ170,4.0,72,1.73
ALQ170,5.0,51,1.22
ALQ170,20.0,28,0.67
ALQ170,6.0,24,0.58
ALQ170,9.0,6,0.14
ALQ170,7.0,8,0.19
ALQ170,15.0,9,0.22
ALQ170,13.0,1,0.02
ALQ170,18.0,2,0.05
ALQ170,10.0,9,0.22
ALQ170,12.0,2,0.05
ALQ170,17.0,1,0.02
ALQ170,777.0,3,0.07
ALQ170,999.0,1,0.02
BPQ020,1,1521,36.5
BPQ020,2,2644,63.45
BPQ020,9,2,0.05
BPQ030,1.0,1298,31.15
BPQ030,,2646,63.5
BPQ030,2.0,208,4.99
BPQ030,9.0,14,0.34
BPQ030,7.0,1,0.02
BPQ150,1.0,1246,29.9
BPQ150,,2646,63.5
BPQ150,2.0,272,6.53
BPQ150,9.0,3,0.07
BPQ080,2,2464,59.13
BPQ080,1,1684,40.41
BPQ080,9,19,0.46
BPQ101D,2,3023,72.55
BPQ101D,1,1125,27.0
BPQ101D,9,19,0.46
DBQ010,,4167,100.0
DBD030,,4167,100.0
DBD041,,4167,100.0
DBD050,,4167,100.0
DBD055,,4167,100.0
DBD061,,4167,100.0
DBQ073A,,4167,100.0
DBQ073B,,4167,100.0
DBQ073C,,4167,100.0
DBQ073D,,4167,100.0
DBQ073E,,4167,100.0
DBQ073U,,4167,100.0
DBQ301,2.0,1638,39.31
DBQ301,,2443,58.63
DBQ301,1.0,86,2.06
DBQ330,2.0,1666,39.98
DBQ330,,2443,58.63
DBQ330,1.0,58,1.39
DBQ360,,3959,95.01
DBQ360,1.0,57,1.37
DBQ360,2.0,151,3.62
DBQ370,,4110,98.63
DBQ370,1.0,55,1.32
DBQ370,2.0,2,0.05
DBD381,,4112,98.68
DBD381,5.0,27,0.65
DBD381,3.0,2,0.05
DBD381,0.0,19,0.46
DBD381,4.0,1,0.02
DBD381,1.0,4,0.1
DBD381,2.0,2,0.05
DBQ390,,4131,99.14
DBQ390,3.0,9,0.22
DBQ390,1.0,25,0.6
DBQ390,2.0,2,0.05
DBQ400,,4110,98.63
DBQ400,1.0,49,1.18
DBQ400,9.0,2,0.05
DBQ400,2.0,6,0.14
DBD411,,4118,98.82
DBD411,0.0,25,0.6
DBD411,5.0,15,0.36
DBD411,1.0,3,0.07
DBD411,3.0,4,0.1
DBD411,2.0,1,0.02
DBD411,4.0,1,0.02
DBQ421,,4143,99.42
DBQ421,1.0,23,0.55
DBQ421,3.0,1,0.02
DBQ424,,4136,99.26
DBQ424,3.0,12,0.29
DBQ424,2.0,12,0.29
DBQ424,1.0,7,0.17
DBQ930,2,1263,30.31
DBQ930,1,2904,69.69
DBQ935,1,2114,50.73
DBQ935,2,2052,49.24
DBQ935,9,1,0.02
DBQ940,2,1293,31.03
DBQ940,1,2873,68.95
DBQ940,9,1,0.02
DBQ945,1,2125,51.0
DBQ945,2,2041,48.98
DBQ945,9,1,0.02
DIQ010,2,3438,82.51
DIQ010,1,586,14.06
DIQ010,3,143,3.43
DID040,,3581,85.94
DID040,35.0,17,0.41
DID040,55.0,37,0.89
DID040,33.0,6,0.14
DID040,66.0,7,0.17
DID040,63.0,13,0.31
DID040,57.0,16,0.38
DID040,49.0,9,0.22
DID040,51.0,13,0.31
DID040,65.0,20,0.48
DID040,60.0,21,0.5
DID040,40.0,21,0.5
DID040,28.0,9,0.22
DID040,36.0,11,0.26
DID040,30.0,10,0.24
DID040,78.0,2,0.05
DID040,45.0,32,0.77
DID040,9.0,1,0.02
DID040,47.0,9,0.22
DID040,26.0,2,0.05
DID040,70.0,5,0.12
DID040,62.0,13,0.31
DID040,50.0,48,1.15
DID040,39.0,9,0.22
DID040,31.0,3,0.07
DID040,48.0,23,0.55
DID040,999.0,8,0.19
DID040,27.0,2,0.05
DID040,52.0,18,0.43
DID040,59.0,9,0.22
DID040,53.0,10,0.24
DID040,54.0,14,0.34
DID040,24.0,2,0.05
DID040,16.0,5,0.12
DID040,44.0,6,0.14
DID040,32.0,3,0.07
DID040,72.0,7,0.17
DID040,41.0,8,0.19
DID040,18.0,4,0.1
DID040,17.0,3,0.07
DID040,68.0,7,0.17
DID040,46.0,9,0.22
DID040,37.0,5,0.12
DID040,29.0,5,0.12
DID040,23.0,4,0.1
DID040,8.0,2,0.05
DID040,42.0,9,0.22
DID040,58.0,13,0.31
DID040,61.0,6,0.14
DID040,38.0,8,0.19
DID040,20.0,3,0.07
DID040,56.0,9,0.22
DID040,19.0,2,0.05
DID040,74.0,3,0.07
DID040,43.0,6,0.14
DID040,79.0,2,0.05
DID040,69.0,3,0.07
DID040,14.0,2,0.05
DID040,67.0,5,0.12
DID040,21.0,2,0.05
DID040,25.0,3,0.07
DID040,13.0,2,0.05
DID040,34.0,4,0.1
DID040,64.0,5,0.12
DID040,75.0,3,0.07
DID040,22.0,2,0.05
DID040,80.0,2,0.05
DID040,77.0,1,0.02
DID040,73.0,2,0.05
DID040,71.0,1,0.02
DIQ160,2.0,2914,69.93
DIQ160,,730,17.52
DIQ160,1.0,516,12.38
DIQ160,9.0,7,0.17
DIQ180,1.0,1615,38.76
DIQ180,,587,14.09
DIQ180,2.0,1832,43.96
DIQ180,9.0,132,3.17
DIQ180,7.0,1,0.02
DIQ050,,3581,85.94
DIQ050,2.0,387,9.29
DIQ050,1.0,199,4.78
DID060,,3968,95.22
DID060,3.0,17,0.41
DID060,7.0,12,0.29
DID060,2.0,15,0.36
DID060,10.0,22,0.53
DID060,6.0,11,0.26
DID060,20.0,5,0.12
DID060,31.0,1,0.02
DID060,13.0,3,0.07
DID060,5.0,19,0.46
DID060,18.0,5,0.12
DID060,1.0,16,0.38
DID060,34.0,1,0.02
DID060,16.0,5,0.12
DID060,8.0,8,0.19
DID060,999.0,3,0.07
DID060,17.0,4,0.1
DID060,25.0,4,0.1
DID060,15.0,12,0.29
DID060,11.0,5,0.12
DID060,30.0,2,0.05
DID060,4.0,8,0.19
DID060,60.0,1,0.02
DID060,29.0,2,0.05
DID060,21.0,2,0.05
DID060,12.0,4,0.1
DID060,37.0,2,0.05
DID060,666.0,1,0.02
DID060,41.0,2,0.05
DID060,9.0,1,0.02
DID060,40.0,1,0.02
DID060,19.0,1,0.02
DID060,22.0,1,0.02
DID060,51.0,1,0.02
DID060,24.0,1,0.02
DID060,14.0,1,0.02
DIQ060U,,3972,95.32
DIQ060U,2.0,181,4.34
DIQ060U,1.0,14,0.34
DIQ070,,2922,70.12
DIQ070,1.0,479,11.5
DIQ070,2.0,761,18.26
DIQ070,9.0,5,0.12
FNQ021,,4167,100.0
FNQ041,,4167,100.0
FNQ050,,4167,100.0
FNQ060,,4167,100.0
FNQ080,,4167,100.0
FNQ160,,4167,100.0
FNQ100,,4167,100.0
FNQ110,,4167,100.0
FNQ120,,4167,100.0
FNQ170,,4167,100.0
FNQ180,,4167,100.0
FNQ190,,4167,100.0
FNQ130,,4167,100.0
FNQ200,,4167,100.0
FNQ140,,4167,100.0
FNQ150,,4167,100.0
FNDCDI,,4167,100.0
FNQ410,1.0,2349,56.37
FNQ410,2.0,1619,38.85
FNQ410,3.0,191,4.58
FNQ410,7.0,1,0.02
FNQ410,4.0,2,0.05
FNQ410,,3,0.07
FNQ410,9.0,2,0.05
FNQ430,2.0,1004,24.09
FNQ430,1.0,3025,72.59
FNQ430,3.0,114,2.74
FNQ430,9.0,13,0.31
FNQ430,4.0,8,0.19
FNQ430,,2,0.05
FNQ430,7.0,1,0.02
FNQ440,1.0,2656,63.74
FNQ440,2.0,1064,25.53
FNQ440,3.0,404,9.7
FNQ440,4.0,39,0.94
FNQ440,9.0,2,0.05
FNQ440,,2,0.05
FNQ450,1.0,3464,83.13
FNQ450,2.0,632,15.17
FNQ450,3.0,67,1.61
FNQ450,,2,0.05
FNQ450,9.0,2,0.05
FNQ460,1.0,1876,45.02
FNQ460,3.0,336,8.06
FNQ460,2.0,1948,46.75
FNQ460,,2,0.05
FNQ460,9.0,2,0.05
FNQ460,4.0,2,0.05
FNQ460,7.0,1,0.02
FNQ470,1.0,3773,90.54
FNQ470,2.0,355,8.52
FNQ470,3.0,32,0.77
FNQ470,4.0,3,0.07
FNQ470,,2,0.05
FNQ470,9.0,1,0.02
FNQ470,7.0,1,0.02
FNQ480,1.0,3786,90.86
FNQ480,2.0,303,7.27
FNQ480,3.0,62,1.49
FNQ480,4.0,13,0.31
FNQ480,,2,0.05
FNQ480,7.0,1,0.02
FNQ490,1.0,3278,78.67
FNQ490,3.0,173,4.15
FNQ490,2.0,711,17.06
FNQ490,,2,0.05
FNQ490,4.0,2,0.05
FNQ490,7.0,1,0.02
FNQ510,4.0,1060,25.44
FNQ510,1.0,1066,25.58
FNQ510,2.0,1026,24.62
FNQ510,5.0,466,11.18
FNQ510,3.0,541,12.98
FNQ510,7.0,3,0.07
FNQ510,9.0,3,0.07
FNQ510,,2,0.05
FNQ520,1.0,1121,26.9
FNQ520,3.0,2027,48.64
FNQ520,2.0,541,12.98
FNQ520,,474,11.38
FNQ520,9.0,3,0.07
FNQ520,7.0,1,0.02
FNQ530,5.0,1113,26.71
FNQ530,4.0,1540,36.96
FNQ530,1.0,378,9.07
FNQ530,2.0,556,13.34
FNQ530,3.0,563,13.51
FNQ530,9.0,10,0.24
FNQ530,7.0,5,0.12
FNQ530,,2,0.05
FNQ540,,1130,27.12
FNQ540,1.0,1131,27.14
FNQ540,2.0,450,10.8
FNQ540,3.0,1451,34.82
FNQ540,9.0,4,0.1
FNQ540,7.0,1,0.02
FNDADI,2.0,3268,78.43
FNDADI,1.0,897,21.53
FNDADI,,2,0.05
FNDAEDI,2.0,3045,73.07
FNDAEDI,1.0,1120,26.88
FNDAEDI,,2,0.05
FSD032A,3.0,2806,67.34
FSD032A,2.0,729,17.49
FSD032A,1.0,362,8.69
FSD032A,,264,6.34
FSD032A,7.0,6,0.14
FSD032B,3.0,2966,71.18
FSD032B,2.0,650,15.6
FSD032B,1.0,281,6.74
FSD032B,,264,6.34
FSD032B,7.0,6,0.14
FSD032C,3.0,3009,72.21
FSD032C,2.0,604,14.49
FSD032C,1.0,283,6.79
FSD032C,,264,6.34
FSD032C,7.0,7,0.17
FSD041,,2886,69.26
FSD041,2.0,708,16.99
FSD041,1.0,571,13.7
FSD041,9.0,2,0.05
FSD052,,3596,86.3
FSD052,1.0,179,4.3
FSD052,2.0,242,5.81
FSD052,3.0,150,3.6
FSD061,,2886,69.26
FSD061,2.0,741,17.78
FSD061,1.0,539,12.93
FSD061,9.0,1,0.02
FSD071,,2886,69.26
FSD071,2.0,935,22.44
FSD071,1.0,345,8.28
FSD071,9.0,1,0.02
FSD081,,2886,69.26
FSD081,2.0,1033,24.79
FSD081,1.0,240,5.76
FSD081,9.0,8,0.19
FSD092,,3479,83.49
FSD092,1.0,155,3.72
FSD092,2.0,531,12.74
FSD092,9.0,1,0.02
FSD092,7.0,1,0.02
FSD102,,4012,96.28
FSD102,2.0,65,1.56
FSD102,3.0,46,1.1
FSD102,1.0,44,1.06
FSDAD,1.0,2616,62.78
FSDAD,2.0,449,10.78
FSDAD,3.0,439,10.54
FSDAD,4.0,393,9.43
FSDAD,,270,6.48
FSD151,2.0,3242,77.8
FSD151,1.0,657,15.77
FSD151,,262,6.29
FSD151,7.0,6,0.14
FSQ165,2.0,2285,54.84
FSQ165,1.0,1590,38.16
FSQ165,,271,6.5
FSQ165,7.0,7,0.17
FSQ165,9.0,14,0.34
FSD165N,,2577,61.84
FSD165N,2.0,371,8.9
FSD165N,1.0,863,20.71
FSD165N,4.0,80,1.92
FSD165N,5.0,53,1.27
FSD165N,3.0,179,4.3
FSD165N,7.0,21,0.5
FSD165N,77.0,1,0.02
FSD165N,99.0,3,0.07
FSD165N,6.0,19,0.46
FSQ012,,2577,61.84
FSQ012,1.0,879,21.09
FSQ012,2.0,708,16.99
FSQ012,9.0,2,0.05
FSQ012,7.0,1,0.02
FSD012N,,3288,78.91
FSD012N,2.0,185,4.44
FSD012N,1.0,494,11.86
FSD012N,4.0,54,1.3
FSD012N,3.0,95,2.28
FSD012N,7.0,13,0.31
FSD012N,5.0,28,0.67
FSD012N,6.0,10,0.24
FSD230,,3288,78.91
FSD230,1.0,714,17.13
FSD230,2.0,164,3.94
FSD230,9.0,1,0.02
FSD230N,,3453,82.87
FSD230N,2.0,132,3.17
FSD230N,1.0,424,10.18
FSD230N,3.0,74,1.78
FSD230N,4.0,42,1.01
FSD230N,7.0,13,0.31
FSD230N,6.0,8,0.19
FSD230N,5.0,21,0.5
FSD795,,3288,78.91
FSD795,6.0,66,1.58
FSD795,12.0,516,12.38
FSD795,9.0,17,0.41
FSD795,1.0,71,1.7
FSD795,5.0,17,0.41
FSD795,8.0,20,0.48
FSD795,2.0,40,0.96
FSD795,11.0,13,0.31
FSD795,3.0,39,0.94
FSD795,10.0,17,0.41
FSD795,99.0,24,0.58
FSD795,4.0,25,0.6
FSD795,7.0,11,0.26
FSD795,77.0,3,0.07
FSD225,,3289,78.93
FSD225,17.0,16,0.38
FSD225,10.0,17,0.41
FSD225,93.0,2,0.05
FSD225,27.0,18,0.43
FSD225,165.0,1,0.02
FSD225,15.0,27,0.65
FSD225,8.0,22,0.53
FSD225,20.0,16,0.38
FSD225,99999.0,144,3.46
FSD225,12.0,18,0.43
FSD225,6.0,29,0.7
FSD225,28.0,23,0.55
FSD225,0.0,17,0.41
FSD225,23.0,14,0.34
FSD225,4.0,28,0.67
FSD225,24.0,16,0.38
FSD225,133.0,1,0.02
FSD225,16.0,27,0.65
FSD225,56.0,1,0.02
FSD225,3.0,35,0.84
FSD225,1.0,18,0.43
FSD225,25.0,20,0.48
FSD225,5.0,26,0.62
FSD225,113.0,2,0.05
FSD225,18.0,19,0.46
FSD225,21.0,27,0.65
FSD225,111.0,2,0.05
FSD225,22.0,17,0.41
FSD225,26.0,12,0.29
FSD225,9.0,15,0.36
FSD225,2.0,29,0.7
FSD225,19.0,15,0.36
FSD225,179.0,1,0.02
FSD225,7.0,14,0.34
FSD225,79.0,1,0.02
FSD225,197.0,1,0.02
FSD225,149.0,1,0.02
FSD225,200.0,2,0.05
FSD225,32.0,1,0.02
FSD225,77777.0,6,0.14
FSD225,11.0,31,0.74
FSD225,31.0,9,0.22
FSD225,13.0,17,0.41
FSD225,14.0,21,0.5
FSD225,126.0,1,0.02
FSD225,205.0,1,0.02
FSD225,77.0,1,0.02
FSD225,30.0,13,0.31
FSD225,228.0,3,0.07
FSD225,132.0,1,0.02
FSD225,154.0,1,0.02
FSD225,36.0,2,0.05
FSD225,199.0,1,0.02
FSD225,193.0,1,0.02
FSD225,82.0,1,0.02
FSD225,103.0,1,0.02
FSD225,86.0,1,0.02
FSD225,29.0,11,0.26
FSD225,37.0,1,0.02
FSD225,55555.0,9,0.22
FSD225,124.0,1,0.02
FSD225,63.0,4,0.1
FSD225,109.0,2,0.05
FSD225,105.0,1,0.02
FSD225,152.0,1,0.02
FSD225,58.0,2,0.05
FSD225,296.0,1,0.02
FSD225,69.0,1,0.02
FSD225,185.0,2,0.05
FSD225,191.0,1,0.02
FSD225,87.0,1,0.02
FSD225,44.0,1,0.02
FSD225,73.0,2,0.05
FSD225,64.0,2,0.05
FSD225,260.0,1,0.02
FSD225,184.0,3,0.07
FSD225,49.0,1,0.02
FSD225,289.0,2,0.05
FSD225,102.0,2,0.05
FSD225,60.0,1,0.02
FSD225,163.0,2,0.05
FSD225,137.0,1,0.02
FSD225,33.0,2,0.05
FSD225,254.0,3,0.07
FSD225,78.0,1,0.02
FSD225,225.0,1,0.02
FSD225,50.0,1,0.02
FSD225,121.0,1,0.02
FSD225,42.0,3,0.07
FSD225,264.0,1,0.02
FSD225,88.0,1,0.02
FSD225,170.0,1,0.02
FSD235,,3288,78.91
FSD235,600.0,9,0.22
FSD235,214.0,1,0.02
FSD235,580.0,3,0.07
FSD235,57.0,1,0.02
FSD235,834.0,2,0.05
FSD235,55555.0,20,0.48
FSD235,249.0,1,0.02
FSD235,487.0,1,0.02
FSD235,77777.0,16,0.38
FSD235,99999.0,92,2.21
FSD235,250.0,40,0.96
FSD235,200.0,37,0.89
FSD235,265.0,1,0.02
FSD235,50.0,6,0.14
FSD235,220.0,8,0.19
FSD235,183.0,2,0.05
FSD235,165.0,2,0.05
FSD235,234.0,9,0.22
FSD235,23.0,7,0.17
FSD235,280.0,15,0.36
FSD235,190.0,2,0.05
FSD235,230.0,6,0.14
FSD235,680.0,1,0.02
FSD235,298.0,1,0.02
FSD235,232.0,4,0.1
FSD235,781.0,1,0.02
FSD235,41.0,2,0.05
FSD235,500.0,23,0.55
FSD235,34.0,1,0.02
FSD235,825.0,1,0.02
FSD235,125.0,2,0.05
FSD235,150.0,15,0.36
FSD235,260.0,4,0.1
FSD235,400.0,16,0.38
FSD235,72.0,2,0.05
FSD235,750.0,2,0.05
FSD235,800.0,8,0.19
FSD235,100.0,13,0.31
FSD235,519.0,2,0.05
FSD235,329.0,1,0.02
FSD235,740.0,7,0.17
FSD235,394.0,1,0.02
FSD235,306.0,1,0.02
FSD235,20.0,14,0.34
FSD235,222.0,4,0.1
FSD235,176.0,2,0.05
FSD235,107.0,1,0.02
FSD235,198.0,3,0.07
FSD235,240.0,1,0.02
FSD235,281.0,8,0.19
FSD235,223.0,3,0.07
FSD235,85.0,2,0.05
FSD235,195.0,4,0.1
FSD235,290.0,1,0.02
FSD235,420.0,2,0.05
FSD235,180.0,12,0.29
FSD235,625.0,5,0.12
FSD235,207.0,1,0.02
FSD235,25.0,2,0.05
FSD235,460.0,3,0.07
FSD235,170.0,7,0.17
FSD235,44.0,1,0.02
FSD235,8.0,2,0.05
FSD235,300.0,28,0.67
FSD235,259.0,1,0.02
FSD235,30.0,6,0.14
FSD235,477.0,1,0.02
FSD235,135.0,3,0.07
FSD235,930.0,1,0.02
FSD235,218.0,3,0.07
FSD235,700.0,6,0.14
FSD235,90.0,13,0.31
FSD235,241.0,2,0.05
FSD235,160.0,7,0.17
FSD235,457.0,2,0.05
FSD235,75.0,2,0.05
FSD235,110.0,6,0.14
FSD235,60.0,2,0.05
FSD235,345.0,2,0.05
FSD235,730.0,2,0.05
FSD235,343.0,1,0.02
FSD235,318.0,1,0.02
FSD235,772.0,1,0.02
FSD235,216.0,3,0.07
FSD235,325.0,2,0.05
FSD235,225.0,1,0.02
FSD235,116.0,3,0.07
FSD235,233.0,1,0.02
FSD235,511.0,1,0.02
FSD235,239.0,3,0.07
FSD235,270.0,4,0.1
FSD235,94.0,4,0.1
FSD235,540.0,1,0.02
FSD235,689.0,1,0.02
FSD235,360.0,4,0.1
FSD235,480.0,3,0.07
FSD235,266.0,2,0.05
FSD235,753.0,1,0.02
FSD235,164.0,1,0.02
FSD235,99.0,1,0.02
FSD235,120.0,2,0.05
FSD235,196.0,2,0.05
FSD235,97.0,2,0.05
FSD235,374.0,2,0.05
FSD235,396.0,2,0.05
FSD235,12.0,2,0.05
FSD235,197.0,2,0.05
FSD235,538.0,1,0.02
FSD235,560.0,1,0.02
FSD235,80.0,3,0.07
FSD235,95.0,4,0.1
FSD235,199.0,1,0.02
FSD235,256.0,3,0.07
FSD235,194.0,1,0.02
FSD235,350.0,6,0.14
FSD235,253.0,1,0.02
FSD235,342.0,1,0.02
FSD235,294.0,2,0.05
FSD235,68.0,2,0.05
FSD235,142.0,2,0.05
FSD235,548.0,1,0.02
FSD235,201.0,2,0.05
FSD235,496.0,1,0.02
FSD235,245.0,6,0.14
FSD235,780.0,3,0.07
FSD235,210.0,1,0.02
FSD235,450.0,8,0.19
FSD235,208.0,3,0.07
FSD235,22.0,1,0.02
FSD235,58.0,1,0.02
FSD235,636.0,1,0.02
FSD235,650.0,3,0.07
FSD235,167.0,1,0.02
FSD235,285.0,2,0.05
FSD235,340.0,7,0.17
FSD235,539.0,2,0.05
FSD235,246.0,1,0.02
FSD235,39.0,3,0.07
FSD235,391.0,3,0.07
FSD235,224.0,1,0.02
FSD235,1000.0,4,0.1
FSD235,130.0,1,0.02
FSD235,992.0,1,0.02
FSD235,607.0,1,0.02
FSD235,455.0,1,0.02
FSD235,714.0,1,0.02
FSD235,231.0,1,0.02
FSD235,235.0,3,0.07
FSD235,850.0,2,0.05
FSD235,295.0,1,0.02
FSD235,40.0,3,0.07
FSD235,143.0,3,0.07
FSD235,19.0,4,0.1
FSD235,604.0,2,0.05
FSD235,124.0,1,0.02
FSD235,140.0,3,0.07
FSD235,352.0,2,0.05
FSD235,145.0,3,0.07
FSD235,154.0,3,0.07
FSD235,658.0,2,0.05
FSD235,320.0,1,0.02
FSD235,401.0,1,0.02
FSD235,271.0,1,0.02
FSD235,351.0,2,0.05
FSD235,136.0,1,0.02
FSD235,835.0,1,0.02
FSD235,747.0,1,0.02
FSD235,501.0,1,0.02
FSD235,275.0,2,0.05
FSD235,191.0,1,0.02
FSD235,149.0,5,0.12
FSD235,459.0,2,0.05
FSD235,283.0,2,0.05
FSD235,36.0,1,0.02
FSD235,324.0,1,0.02
FSD235,364.0,1,0.02
FSD235,138.0,2,0.05
FSD235,905.0,1,0.02
FSD235,645.0,2,0.05
FSD235,117.0,1,0.02
FSD235,950.0,1,0.02
FSD235,370.0,2,0.05
FSD235,470.0,1,0.02
FSD235,14.0,1,0.02
FSD235,18.0,1,0.02
FSD235,263.0,1,0.02
FSD235,685.0,1,0.02
FSD235,395.0,2,0.05
FSD235,380.0,5,0.12
FSD235,252.0,1,0.02
FSD235,310.0,2,0.05
FSD235,248.0,3,0.07
FSD235,489.0,1,0.02
FSD235,255.0,1,0.02
FSD235,485.0,1,0.02
FSD235,782.0,1,0.02
FSD235,550.0,1,0.02
FSD235,348.0,1,0.02
FSD235,32.0,2,0.05
FSD235,15.0,2,0.05
FSD235,217.0,1,0.02
FSD235,584.0,1,0.02
FSD235,464.0,2,0.05
FSD235,355.0,1,0.02
FSD235,126.0,1,0.02
FSD235,628.0,1,0.02
FSD235,520.0,1,0.02
FSD235,536.0,1,0.02
FSD235,227.0,4,0.1
FSD235,186.0,1,0.02
FSD235,144.0,1,0.02
FSD235,415.0,1,0.02
FSD235,733.0,1,0.02
FSD235,492.0,1,0.02
FSD235,178.0,1,0.02
FSD235,465.0,2,0.05
FSD235,114.0,2,0.05
FSD235,243.0,1,0.02
FSD235,920.0,1,0.02
FSD235,16.0,3,0.07
FSD235,525.0,1,0.02
FSD235,313.0,3,0.07
FSD235,137.0,2,0.05
FSD235,238.0,2,0.05
FSD235,237.0,1,0.02
FSD235,291.0,1,0.02
FSD235,347.0,1,0.02
FSD235,287.0,1,0.02
FSD235,436.0,1,0.02
FSD235,212.0,1,0.02
FSD235,720.0,2,0.05
FSD235,890.0,1,0.02
FSD235,133.0,1,0.02
FSD235,517.0,1,0.02
FSD235,282.0,2,0.05
FSD235,122.0,1,0.02
FSD235,516.0,1,0.02
FSD235,42.0,1,0.02
FSD235,449.0,1,0.02
FSD235,900.0,2,0.05
FSD235,115.0,1,0.02
FSD235,783.0,1,0.02
FSD235,81.0,2,0.05
FSD235,429.0,2,0.05
FSD235,43.0,1,0.02
FSD235,530.0,1,0.02
FSD235,277.0,1,0.02
FSD235,558.0,1,0.02
FSD235,162.0,1,0.02
FSD235,158.0,2,0.05
FSD235,870.0,1,0.02
FSD235,59.0,1,0.02
FSD235,935.0,1,0.02
FSD235,311.0,1,0.02
FSD235,289.0,1,0.02
FSD235,690.0,2,0.05
FSD235,78.0,1,0.02
FSD235,942.0,1,0.02
FSD235,375.0,2,0.05
FSD235,134.0,1,0.02
FSD235,366.0,1,0.02
FSD235,52.0,1,0.02
FSD235,940.0,1,0.02
FSD235,526.0,1,0.02
FSD235,330.0,1,0.02
FSD235,620.0,1,0.02
FSD235,430.0,1,0.02
FSD235,251.0,1,0.02
FSD235,707.0,1,0.02
FSD235,174.0,1,0.02
FSD162,2.0,3711,89.06
FSD162,1.0,176,4.22
FSD162,,264,6.34
FSD162,9.0,14,0.34
FSD162,7.0,2,0.05
FSQ760,,3991,95.78
FSQ760,1.0,133,3.19
FSQ760,2.0,43,1.03
FSD760N,,4034,96.81
FSD760N,1.0,79,1.9
FSD760N,4.0,6,0.14
FSD760N,2.0,35,0.84
FSD760N,6.0,1,0.02
FSD760N,3.0,11,0.26
FSD760N,5.0,1,0.02
FSQ653,,4167,100.0
FSD660ZC,,4167,100.0
FSD675,,4167,100.0
FSD680,,4167,100.0
FSD670ZC,,4167,100.0
FSQ690,,4167,100.0
FSQ695,,4167,100.0
HIQ011,1,3858,92.58
HIQ011,2,298,7.15
HIQ011,9,10,0.24
HIQ011,7,1,0.02
HIQ032A,1.0,2217,53.2
HIQ032A,,1911,45.86
HIQ032A,99.0,35,0.84
HIQ032A,77.0,4,0.1
HIQ032B,2.0,1378,33.07
HIQ032B,,2789,66.93
HIQ032C,,4065,97.55
HIQ032C,3.0,102,2.45
HIQ032D,,3529,84.69
HIQ032D,4.0,638,15.31
HIQ032E,,4165,99.95
HIQ032E,5.0,2,0.05
HIQ032F,,3983,95.58
HIQ032F,6.0,184,4.42
HIQ032H,,3837,92.08
HIQ032H,8.0,330,7.92
HIQ032I,,3995,95.87
HIQ032I,9.0,172,4.13
HIQ210,2.0,3636,87.26
HIQ210,1.0,213,5.11
HIQ210,,309,7.42
HIQ210,9.0,7,0.17
HIQ210,7.0,2,0.05
HOD051,9.0,159,3.82
HOD051,6.0,707,16.97
HOD051,3.0,387,9.29
HOD051,5.0,811,19.46
HOD051,2.0,133,3.19
HOD051,4.0,689,16.53
HOD051,7.0,461,11.06
HOD051,12.0,39,0.94
HOD051,1.0,70,1.68
HOD051,,267,6.41
HOD051,11.0,27,0.65
HOD051,8.0,319,7.66
HOD051,10.0,87,2.09
HOD051,77.0,8,0.19
HOD051,99.0,3,0.07
HSQ590,1.0,1317,31.61
HSQ590,2.0,2837,68.08
HSQ590,,7,0.17
HSQ590,9.0,5,0.12
HSQ590,7.0,1,0.02
HUQ010,3,1498,35.95
HUQ010,2,1313,31.51
HUQ010,4,710,17.04
HUQ010,1,482,11.57
HUQ010,5,162,3.89
HUQ010,9,2,0.05
HUQ030,1,3655,87.71
HUQ030,2,484,11.62
HUQ030,3,27,0.65
HUQ030,9,1,0.02
HUQ042,1.0,2819,67.65
HUQ042,2.0,505,12.12
HUQ042,4.0,128,3.07
HUQ042,5.0,45,1.08
HUQ042,,485,11.64
HUQ042,3.0,176,4.22
HUQ042,99.0,3,0.07
HUQ042,6.0,6,0.14
HUQ055,1,1553,37.27
HUQ055,2,2610,62.63
HUQ055,9,4,0.1
HUQ090,2,3328,79.87
HUQ090,1,828,19.87
HUQ090,7,8,0.19
HUQ090,9,3,0.07
INDFMMPI,5.0,805,19.32
INDFMMPI,1.0,773,18.55
INDFMMPI,4.0,371,8.9
INDFMMPI,3.0,513,12.31
INDFMMPI,2.0,698,16.75
INDFMMPI,,790,18.96
INDFMMPI,0.0,217,5.21
INDFMMPC,3.0,2323,55.75
INDFMMPC,2.0,530,12.72
INDFMMPC,1.0,931,22.34
INDFMMPC,,305,7.32
INDFMMPC,9.0,52,1.25
INDFMMPC,7.0,26,0.62
INQ300,1.0,1826,43.82
INQ300,2.0,1918,46.03
INQ300,,303,7.27
INQ300,9.0,56,1.34
INQ300,7.0,64,1.54
IND310,,2249,53.97
IND310,1.0,1325,31.8
IND310,2.0,189,4.54
IND310,4.0,139,3.34
IND310,5.0,53,1.27
IND310,3.0,183,4.39
IND310,99.0,17,0.41
IND310,77.0,12,0.29
KIQ022,2.0,3792,91.0
KIQ022,,209,5.02
KIQ022,1.0,158,3.79
KIQ022,9.0,8,0.19
KIQ025,,4009,96.21
KIQ025,2.0,148,3.55
KIQ025,1.0,10,0.24
KIQ005,2.0,645,15.48
KIQ005,1.0,1983,47.59
KIQ005,4.0,464,11.14
KIQ005,3.0,456,10.94
KIQ005,,250,6.0
KIQ005,5.0,365,8.76
KIQ005,7.0,2,0.05
KIQ005,9.0,2,0.05
KIQ010,2.0,509,12.22
KIQ010,,2239,53.73
KIQ010,1.0,1284,30.81
KIQ010,3.0,132,3.17
KIQ010,9.0,3,0.07
KIQ042,1.0,1467,35.21
KIQ042,2.0,2443,58.63
KIQ042,,254,6.1
KIQ042,9.0,3,0.07
KIQ044,2.0,2363,56.71
KIQ044,1.0,1542,37.01
KIQ044,,258,6.19
KIQ044,9.0,3,0.07
KIQ044,7.0,1,0.02
KIQ052,2.0,655,15.72
KIQ052,,2083,49.99
KIQ052,1.0,1076,25.82
KIQ052,5.0,34,0.82
KIQ052,4.0,85,2.04
KIQ052,3.0,230,5.52
KIQ052,7.0,2,0.05
KIQ052,9.0,2,0.05
KIQ481,2.0,880,21.12
KIQ481,1.0,1422,34.13
KIQ481,0.0,802,19.25
KIQ481,,264,6.34
KIQ481,5.0,214,5.14
KIQ481,3.0,446,10.7
KIQ481,4.0,135,3.24
KIQ481,9.0,4,0.1
MCQ010,2,3315,79.55
MCQ010,1,847,20.33
MCQ010,9,5,0.12
MCQ035,,3320,79.67
MCQ035,2.0,310,7.44
MCQ035,1.0,517,12.41
MCQ035,9.0,20,0.48
MCQ040,,3650,87.59
MCQ040,2.0,261,6.26
MCQ040,1.0,254,6.1
MCQ040,9.0,2,0.05
MCQ050,,3650,87.59
MCQ050,2.0,458,10.99
MCQ050,1.0,58,1.39
MCQ050,9.0,1,0.02
AGQ030,2,3319,79.65
AGQ030,1,845,20.28
AGQ030,9,3,0.07
MCQ053,2,3939,94.53
MCQ053,1,227,5.45
MCQ053,9,1,0.02
MCQ149,,4167,100.0
MCQ160A,2.0,2514,60.33
MCQ160A,1.0,1439,34.53
MCQ160A,,209,5.02
MCQ160A,9.0,5,0.12
MCQ195,,2728,65.47
MCQ195,4.0,132,3.17
MCQ195,9.0,262,6.29
MCQ195,1.0,776,18.62
MCQ195,3.0,40,0.96
MCQ195,2.0,225,5.4
MCQ195,7.0,4,0.1
MCQ160B,2.0,3783,90.78
MCQ160B,1.0,172,4.13
MCQ160B,,209,5.02
MCQ160B,9.0,3,0.07
MCQ160C,2.0,3719,89.25
MCQ160C,,209,5.02
MCQ160C,9.0,21,0.5
MCQ160C,1.0,218,5.23
MCQ160D,2.0,3840,92.15
MCQ160D,,209,5.02
MCQ160D,1.0,109,2.62
MCQ160D,9.0,9,0.22
MCQ160E,2.0,3773,90.54
MCQ160E,,209,5.02
MCQ160E,1.0,179,4.3
MCQ160E,9.0,6,0.14
MCQ160F,2.0,3769,90.45
MCQ160F,,209,5.02
MCQ160F,1.0,183,4.39
MCQ160F,9.0,6,0.14
MCQ160M,2.0,3368,80.83
MCQ160M,1.0,584,14.01
MCQ160M,,209,5.02
MCQ160M,9.0,5,0.12
MCQ160M,7.0,1,0.02
MCQ170M,,3583,85.99
MCQ170M,2.0,107,2.57
MCQ170M,1.0,467,11.21
MCQ170M,9.0,10,0.24
MCQ160P,2.0,3619,86.85
MCQ160P,,209,5.02
MCQ160P,1.0,334,8.02
MCQ160P,9.0,5,0.12
MCQ160L,2.0,3680,88.31
MCQ160L,,209,5.02
MCQ160L,1.0,271,6.5
MCQ160L,9.0,6,0.14
MCQ160L,7.0,1,0.02
MCQ170L,,3896,93.5
MCQ170L,1.0,157,3.77
MCQ170L,9.0,32,0.77
MCQ170L,2.0,81,1.94
MCQ170L,7.0,1,0.02
MCQ500,,3958,94.98
MCQ500,2.0,207,4.97
MCQ500,1.0,2,0.05
MCQ510A,,4002,96.04
MCQ510A,1.0,147,3.53
MCQ510A,99.0,17,0.41
MCQ510A,77.0,1,0.02
MCQ510B,,4163,99.9
MCQ510B,2.0,4,0.1
MCQ510C,,4135,99.23
MCQ510C,3.0,32,0.77
MCQ510D,,4129,99.09
MCQ510D,4.0,38,0.91
MCQ510E,,4157,99.76
MCQ510E,5.0,10,0.24
MCQ510F,,4123,98.94
MCQ510F,6.0,44,1.06
MCQ550,2.0,3473,83.35
MCQ550,1.0,474,11.38
MCQ550,,209,5.02
MCQ550,9.0,11,0.26
MCQ560,2.0,3430,82.31
MCQ560,1.0,526,12.62
MCQ560,,209,5.02
MCQ560,9.0,2,0.05
MCQ220,1.0,605,14.52
MCQ220,2.0,3347,80.32
MCQ220,,209,5.02
MCQ220,7.0,1,0.02
MCQ220,9.0,5,0.12
MCQ230A,30.0,59,1.42
MCQ230A,,3562,85.48
MCQ230A,14.0,100,2.4
MCQ230A,32.0,102,2.45
MCQ230A,15.0,27,0.65
MCQ230A,38.0,21,0.5
MCQ230A,19.0,16,0.38
MCQ230A,10.0,16,0.38
MCQ230A,39.0,43,1.03
MCQ230A,33.0,38,0.91
MCQ230A,21.0,16,0.38
MCQ230A,16.0,24,0.58
MCQ230A,37.0,18,0.43
MCQ230A,25.0,42,1.01
MCQ230A,23.0,18,0.43
MCQ230A,28.0,8,0.19
MCQ230A,99.0,5,0.12
MCQ230A,12.0,3,0.07
MCQ230A,35.0,5,0.12
MCQ230A,13.0,4,0.1
MCQ230A,24.0,10,0.24
MCQ230A,36.0,8,0.19
MCQ230A,22.0,5,0.12
MCQ230A,11.0,4,0.1
MCQ230A,29.0,1,0.02
MCQ230A,17.0,3,0.07
MCQ230A,26.0,5,0.12
MCQ230A,34.0,1,0.02
MCQ230A,31.0,2,0.05
MCQ230A,20.0,1,0.02
MCQ230B,,4086,98.06
MCQ230B,30.0,5,0.12
MCQ230B,31.0,1,0.02
MCQ230B,39.0,20,0.48
MCQ230B,16.0,4,0.1
MCQ230B,32.0,17,0.41
MCQ230B,38.0,2,0.05
MCQ230B,33.0,8,0.19
MCQ230B,24.0,2,0.05
MCQ230B,25.0,4,0.1
MCQ230B,28.0,2,0.05
MCQ230B,14.0,7,0.17
MCQ230B,19.0,3,0.07
MCQ230B,35.0,2,0.05
MCQ230B,15.0,3,0.07
MCQ230B,23.0,1,0.02
MCQ230C,,4155,99.71
MCQ230C,25.0,2,0.05
MCQ230C,32.0,1,0.02
MCQ230C,23.0,2,0.05
MCQ230C,28.0,2,0.05
MCQ230C,39.0,1,0.02
MCQ230C,24.0,1,0.02
MCQ230C,35.0,1,0.02
MCQ230C,13.0,1,0.02
MCQ230C,30.0,1,0.02
MCQ230D,,4165,99.95
MCQ230D,66.0,2,0.05
OSQ230,1.0,1040,24.96
OSQ230,,1331,31.94
OSQ230,2.0,1780,42.72
OSQ230,9.0,16,0.38
OCD150,1,2129,51.09
OCD150,3,193,4.63
OCD150,4,1697,40.72
OCD150,2,147,3.53
OCD150,9,1,0.02
OCQ180,32.0,49,1.18
OCQ180,8.0,20,0.48
OCQ180,40.0,684,16.41
OCQ180,,2038,48.91
OCQ180,16.0,24,0.58
OCQ180,30.0,104,2.5
OCQ180,54.0,6,0.14
OCQ180,36.0,34,0.82
OCQ180,26.0,7,0.17
OCQ180,50.0,149,3.58
OCQ180,38.0,24,0.58
OCQ180,55.0,31,0.74
OCQ180,42.0,45,1.08
OCQ180,20.0,86,2.06
OCQ180,56.0,9,0.22
OCQ180,45.0,142,3.41
OCQ180,35.0,64,1.54
OCQ180,60.0,79,1.9
OCQ180,11.0,5,0.12
OCQ180,34.0,12,0.29
OCQ180,80.0,20,0.48
OCQ180,63.0,2,0.05
OCQ180,43.0,20,0.48
OCQ180,52.0,15,0.36
OCQ180,70.0,16,0.38
OCQ180,10.0,26,0.62
OCQ180,5.0,35,0.84
OCQ180,15.0,34,0.82
OCQ180,37.0,12,0.29
OCQ180,65.0,12,0.29
OCQ180,25.0,40,0.96
OCQ180,9.0,5,0.12
OCQ180,48.0,48,1.15
OCQ180,41.0,13,0.31
OCQ180,39.0,11,0.26
OCQ180,46.0,18,0.43
OCQ180,22.0,8,0.19
OCQ180,23.0,5,0.12
OCQ180,68.0,1,0.02
OCQ180,53.0,6,0.14
OCQ180,24.0,37,0.89
OCQ180,44.0,23,0.55
OCQ180,47.0,11,0.26
OCQ180,76.0,1,0.02
OCQ180,28.0,12,0.29
OCQ180,72.0,4,0.1
OCQ180,12.0,21,0.5
OCQ180,18.0,10,0.24
OCQ180,61.0,1,0.02
OCQ180,14.0,6,0.14
OCQ180,49.0,2,0.05
OCQ180,75.0,4,0.1
OCQ180,21.0,4,0.1
OCQ180,19.0,2,0.05
OCQ180,27.0,8,0.19
OCQ180,99999.0,9,0.22
OCQ180,64.0,7,0.17
OCQ180,33.0,4,0.1
OCQ180,17.0,4,0.1
OCQ180,66.0,1,0.02
OCQ180,6.0,9,0.22
OCQ180,29.0,4,0.1
OCQ180,74.0,1,0.02
OCQ180,13.0,6,0.14
OCQ180,58.0,2,0.05
OCQ180,71.0,2,0.05
OCQ180,31.0,1,0.02
OCQ180,59.0,2,0.05
OCQ180,7.0,4,0.1
OCQ180,77.0,1,0.02
OCQ180,51.0,1,0.02
OCQ180,57.0,3,0.07
OCQ180,67.0,1,0.02
OCQ210,2.0,488,11.71
OCQ210,,3419,82.05
OCQ210,1.0,259,6.22
OCQ210,9.0,1,0.02
OCQ215,3.0,151,3.62
OCQ215,2.0,78,1.87
OCQ215,5.0,1386,33.26
OCQ215,,1891,45.38
OCQ215,4.0,271,6.5
OCQ215,7.0,102,2.45
OCQ215,6.0,262,6.29
OCQ215,1.0,25,0.6
OCQ215,99.0,1,0.02
OCQ383,,2469,59.25
OCQ383,3.0,942,22.61
OCQ383,4.0,393,9.43
OCQ383,2.0,90,2.16
OCQ383,5.0,33,0.79
OCQ383,7.0,81,1.94
OCQ383,6.0,17,0.41
OCQ383,1.0,140,3.36
OCQ383,99.0,1,0.02
OCQ383,77.0,1,0.02
OHQ845,2,1030,24.72
OHQ845,4,742,17.81
OHQ845,5,507,12.17
OHQ845,3,1381,33.14
OHQ845,1,500,12.0
OHQ845,9,6,0.14
OHQ845,7,1,0.02
OHQ620,5,1631,39.14
OHQ620,3,765,18.36
OHQ620,2,178,4.27
OHQ620,4,1450,34.8
OHQ620,1,142,3.41
OHQ620,9,1,0.02
OHQ630,5.0,2540,60.96
OHQ630,3.0,385,9.24
OHQ630,1.0,131,3.14
OHQ630,2.0,142,3.41
OHQ630,,209,5.02
OHQ630,4.0,758,18.19
OHQ630,9.0,2,0.05
OHQ640,5.0,3364,80.73
OHQ640,4.0,371,8.9
OHQ640,3.0,131,3.14
OHQ640,,209,5.02
OHQ640,2.0,59,1.42
OHQ640,1.0,28,0.67
OHQ640,7.0,1,0.02
OHQ640,9.0,4,0.1
OHQ660,5.0,2340,56.16
OHQ660,1.0,216,5.18
OHQ660,4.0,756,18.14
OHQ660,,209,5.02
OHQ660,2.0,165,3.96
OHQ660,3.0,480,11.52
OHQ660,9.0,1,0.02
OHQ670,5.0,2223,53.35
OHQ670,1.0,187,4.49
OHQ670,4.0,848,20.35
OHQ670,,209,5.02
OHQ670,2.0,164,3.94
OHQ670,3.0,534,12.81
OHQ670,9.0,2,0.05
OHQ680,5.0,2558,61.39
OHQ680,3.0,361,8.66
OHQ680,2.0,174,4.18
OHQ680,1.0,257,6.17
OHQ680,4.0,608,14.59
OHQ680,,209,5.02
PAQ706,,4167,100.0
PAQ711,,4167,100.0
PAD790Q,4.0,364,8.74
PAD790Q,1.0,703,16.87
PAD790Q,3.0,750,18.0
PAD790Q,0.0,830,19.92
PAD790Q,6.0,96,2.3
PAD790Q,5.0,381,9.14
PAD790Q,2.0,721,17.3
PAD790Q,7.0,243,5.83
PAD790Q,15.0,11,0.26
PAD790Q,9999.0,18,0.43
PAD790Q,20.0,6,0.14
PAD790Q,10.0,14,0.34
PAD790Q,8.0,8,0.19
PAD790Q,24.0,2,0.05
PAD790Q,,6,0.14
PAD790Q,12.0,7,0.17
PAD790Q,7777.0,4,0.1
PAD790Q,104.0,1,0.02
PAD790Q,40.0,1,0.02
PAD790Q,29.0,1,0.02
PAD790U,b'W',2532,60.76
PAD790U,b'D',444,10.66
PAD790U,b'',858,20.59
PAD790U,b'Y',46,1.1
PAD790U,b'M',287,6.89
PAD800,45.0,273,6.55
PAD800,20.0,201,4.82
PAD800,30.0,795,19.08
PAD800,10.0,66,1.58
PAD800,,858,20.59
PAD800,15.0,134,3.22
PAD800,90.0,158,3.79
PAD800,50.0,13,0.31
PAD800,60.0,934,22.41
PAD800,120.0,326,7.82
PAD800,40.0,89,2.14
PAD800,29.0,1,0.02
PAD800,25.0,30,0.72
PAD800,180.0,82,1.97
PAD800,5.0,21,0.5
PAD800,105.0,3,0.07
PAD800,9999.0,6,0.14
PAD800,70.0,2,0.05
PAD800,11.0,2,0.05
PAD800,360.0,12,0.29
PAD800,35.0,16,0.38
PAD800,240.0,50,1.2
PAD800,3.0,5,0.12
PAD800,75.0,13,0.31
PAD800,2.0,3,0.07
PAD800,480.0,3,0.07
PAD800,65.0,1,0.02
PAD800,1.0,9,0.22
PAD800,300.0,29,0.7
PAD800,150.0,6,0.14
PAD800,80.0,4,0.1
PAD800,55.0,3,0.07
PAD800,720.0,3,0.07
PAD800,4.0,2,0.05
PAD800,23.0,2,0.05
PAD800,540.0,1,0.02
PAD800,7.0,3,0.07
PAD800,37.0,1,0.02
PAD800,95.0,1,0.02
PAD800,31.0,1,0.02
PAD800,49.0,1,0.02
PAD800,420.0,1,0.02
PAD800,36.0,1,0.02
PAD800,100.0,1,0.02
PAD800,6.0,1,0.02
PAD810Q,3.0,335,8.04
PAD810Q,0.0,2226,53.42
PAD810Q,1.0,662,15.89
PAD810Q,2.0,563,13.51
PAD810Q,5.0,108,2.59
PAD810Q,4.0,155,3.72
PAD810Q,6.0,44,1.06
PAD810Q,9999.0,18,0.43
PAD810Q,7.0,34,0.82
PAD810Q,15.0,3,0.07
PAD810Q,20.0,2,0.05
PAD810Q,9.0,1,0.02
PAD810Q,30.0,2,0.05
PAD810Q,10.0,3,0.07
PAD810Q,,3,0.07
PAD810Q,12.0,1,0.02
PAD810Q,8.0,3,0.07
PAD810Q,90.0,1,0.02
PAD810Q,23.0,1,0.02
PAD810Q,7777.0,1,0.02
PAD810Q,24.0,1,0.02
PAD810U,b'W',1315,31.56
PAD810U,b'',2248,53.95
PAD810U,b'M',415,9.96
PAD810U,b'D',92,2.21
PAD810U,b'Y',97,2.33
PAD820,45.0,136,3.26
PAD820,,2248,53.95
PAD820,30.0,507,12.17
PAD820,20.0,107,2.57
PAD820,60.0,540,12.96
PAD820,40.0,45,1.08
PAD820,15.0,104,2.5
PAD820,90.0,67,1.61
PAD820,180.0,37,0.89
PAD820,25.0,14,0.34
PAD820,300.0,14,0.34
PAD820,75.0,7,0.17
PAD820,10.0,56,1.34
PAD820,120.0,182,4.37
PAD820,240.0,26,0.62
PAD820,50.0,11,0.26
PAD820,480.0,3,0.07
PAD820,360.0,5,0.12
PAD820,12.0,2,0.05
PAD820,900.0,1,0.02
PAD820,5.0,18,0.43
PAD820,1.0,8,0.19
PAD820,55.0,3,0.07
PAD820,9999.0,5,0.12
PAD820,3.0,5,0.12
PAD820,70.0,3,0.07
PAD820,6.0,1,0.02
PAD820,105.0,3,0.07
PAD820,35.0,4,0.1
PAD820,150.0,2,0.05
PAD820,420.0,1,0.02
PAD820,540.0,1,0.02
PAD820,8.0,1,0.02
PAD680,480.0,479,11.5
PAD680,240.0,562,13.49
PAD680,180.0,416,9.98
PAD680,300.0,484,11.62
PAD680,720.0,246,5.9
PAD680,360.0,512,12.29
PAD680,960.0,35,0.84
PAD680,120.0,323,7.75
PAD680,60.0,97,2.33
PAD680,0.0,2,0.05
PAD680,600.0,402,9.65
PAD680,30.0,20,0.48
PAD680,780.0,33,0.79
PAD680,540.0,132,3.17
PAD680,420.0,169,4.06
PAD680,200.0,1,0.02
PAD680,840.0,59,1.42
PAD680,1080.0,9,0.22
PAD680,900.0,26,0.62
PAD680,90.0,24,0.58
PAD680,660.0,50,1.2
PAD680,250.0,1,0.02
PAD680,7.0,1,0.02
PAD680,9999.0,23,0.55
PAD680,45.0,1,0.02
PAD680,25.0,1,0.02
PAD680,15.0,7,0.17
PAD680,1020.0,9,0.22
PAD680,1200.0,10,0.24
PAD680,1.0,2,0.05
PAD680,50.0,1,0.02
PAD680,,3,0.07
PAD680,1320.0,1,0.02
PAD680,210.0,2,0.05
PAD680,270.0,1,0.02
PAD680,330.0,1,0.02
PAD680,6.0,2,0.05
PAD680,5.0,2,0.05
PAD680,10.0,1,0.02
PAD680,20.0,4,0.1
PAD680,4.0,1,0.02
PAD680,7777.0,1,0.02
PAD680,1380.0,1,0.02
PAD680,1260.0,1,0.02
PAD680,40.0,3,0.07
PAD680,70.0,1,0.02
PAD680,12.0,1,0.02
PAD680,2.0,1,0.02
PAD680,150.0,2,0.05
PAD680,1140.0,1,0.02
RHQ010,,1750,42.0
RHQ010,13.0,533,12.79
RHQ010,12.0,684,16.41
RHQ010,14.0,265,6.36
RHQ010,11.0,364,8.74
RHQ010,17.0,26,0.62
RHQ010,9.0,105,2.52
RHQ010,10.0,164,3.94
RHQ010,15.0,149,3.58
RHQ010,16.0,80,1.92
RHQ010,8.0,14,0.34
RHQ010,18.0,5,0.12
RHQ010,0.0,7,0.17
RHQ010,999.0,8,0.19
RHQ010,777.0,2,0.05
RHQ010,20.0,4,0.1
RHQ010,19.0,3,0.07
RHQ010,6.0,1,0.02
RHQ010,7.0,3,0.07
RHQ031,,1755,42.12
RHQ031,1.0,964,23.13
RHQ031,2.0,1446,34.7
RHQ031,7.0,1,0.02
RHQ031,9.0,1,0.02
RHD043,,2728,65.47
RHD043,7.0,858,20.59
RHD043,9.0,151,3.62
RHD043,3.0,417,10.01
RHD043,1.0,4,0.1
RHD043,99.0,3,0.07
RHD043,2.0,4,0.1
RHD043,77.0,2,0.05
RHQ060,,2739,65.73
RHQ060,55.0,74,1.78
RHQ060,32.0,18,0.43
RHQ060,56.0,40,0.96
RHQ060,52.0,89,2.14
RHQ060,54.0,46,1.1
RHQ060,39.0,24,0.58
RHQ060,35.0,41,0.98
RHQ060,28.0,14,0.34
RHQ060,19.0,14,0.34
RHQ060,42.0,59,1.42
RHQ060,50.0,178,4.27
RHQ060,40.0,81,1.94
RHQ060,53.0,56,1.34
RHQ060,45.0,99,2.38
RHQ060,47.0,47,1.13
RHQ060,29.0,20,0.48
RHQ060,43.0,21,0.5
RHQ060,33.0,12,0.29
RHQ060,51.0,36,0.86
RHQ060,30.0,31,0.74
RHQ060,57.0,19,0.46
RHQ060,41.0,22,0.53
RHQ060,24.0,9,0.22
RHQ060,44.0,23,0.55
RHQ060,49.0,50,1.2
RHQ060,37.0,21,0.5
RHQ060,46.0,30,0.72
RHQ060,38.0,35,0.84
RHQ060,25.0,10,0.24
RHQ060,26.0,14,0.34
RHQ060,58.0,19,0.46
RHQ060,31.0,10,0.24
RHQ060,48.0,53,1.27
RHQ060,60.0,24,0.58
RHQ060,34.0,10,0.24
RHQ060,27.0,13,0.31
RHQ060,36.0,27,0.65
RHQ060,59.0,14,0.34
RHQ060,999.0,5,0.12
RHQ060,22.0,10,0.24
RHQ060,23.0,6,0.14
RHQ060,20.0,3,0.07
RHQ060,21.0,1,0.02
RHQ078,,2771,66.5
RHQ078,2.0,1324,31.77
RHQ078,1.0,72,1.73
RHQ131,,2883,69.19
RHQ131,1.0,914,21.93
RHQ131,2.0,370,8.88
RHD143,,3694,88.65
RHD143,2.0,444,10.66
RHD143,1.0,28,0.67
RHD143,9.0,1,0.02
RHD167,,3253,78.07
RHD167,3.0,185,4.44
RHD167,2.0,320,7.68
RHD167,1.0,198,4.75
RHD167,4.0,70,1.68
RHD167,0.0,90,2.16
RHD167,5.0,51,1.22
RHQ200,,3731,89.54
RHQ200,2.0,413,9.91
RHQ200,1.0,23,0.55
RHD280,,1873,44.95
RHD280,2.0,1761,42.26
RHD280,1.0,531,12.74
RHD280,9.0,2,0.05
RHQ305,,1876,45.02
RHQ305,2.0,1983,47.59
RHQ305,1.0,302,7.25
RHQ305,9.0,4,0.1
RHQ305,7.0,2,0.05
RHQ332,,3865,92.75
RHQ332,35.0,12,0.29
RHQ332,45.0,17,0.41
RHQ332,29.0,4,0.1
RHQ332,33.0,3,0.07
RHQ332,60.0,33,0.79
RHQ332,50.0,17,0.41
RHQ332,44.0,6,0.14
RHQ332,52.0,8,0.19
RHQ332,40.0,24,0.58
RHQ332,43.0,3,0.07
RHQ332,53.0,7,0.17
RHQ332,42.0,16,0.38
RHQ332,25.0,4,0.1
RHQ332,46.0,7,0.17
RHQ332,30.0,4,0.1
RHQ332,999.0,4,0.1
RHQ332,54.0,5,0.12
RHQ332,38.0,11,0.26
RHQ332,55.0,8,0.19
RHQ332,32.0,12,0.29
RHQ332,41.0,7,0.17
RHQ332,58.0,4,0.1
RHQ332,49.0,6,0.14
RHQ332,28.0,6,0.14
RHQ332,48.0,14,0.34
RHQ332,59.0,5,0.12
RHQ332,47.0,12,0.29
RHQ332,27.0,5,0.12
RHQ332,26.0,4,0.1
RHQ332,37.0,6,0.14
RHQ332,22.0,1,0.02
RHQ332,39.0,7,0.17
RHQ332,23.0,3,0.07
RHQ332,19.0,1,0.02
RHQ332,31.0,3,0.07
RHQ332,36.0,6,0.14
RHQ332,24.0,2,0.05
RHQ332,57.0,2,0.05
RHQ332,51.0,2,0.05
RHQ332,34.0,1,0.02
RXQ510,2.0,1757,42.16
RXQ510,1.0,1077,25.85
RXQ510,,1331,31.94
RXQ510,9.0,2,0.05
RXQ515,,3090,74.15
RXQ515,2.0,346,8.3
RXQ515,1.0,672,16.13
RXQ515,4.0,23,0.55
RXQ515,3.0,34,0.82
RXQ515,9.0,1,0.02
RXQ515,7.0,1,0.02
RXQ520,2.0,1663,39.91
RXQ520,,2408,57.79
RXQ520,1.0,96,2.3
RXQ033,1,2949,70.77
RXQ033,2,1215,29.16
RXQ033,7,3,0.07
RXQ050,1.0,599,14.37
RXQ050,,1218,29.23
RXQ050,5.0,1080,25.92
RXQ050,4.0,377,9.05
RXQ050,2.0,499,11.98
RXQ050,3.0,392,9.41
RXQ050,9.0,1,0.02
RXQ050,7.0,1,0.02
SLQ300,b'21:00',305,7.32
SLQ300,b'00:00',539,12.93
SLQ300,b'03:00',86,2.06
SLQ300,b'22:30',347,8.33
SLQ300,b'23:30',209,5.02
SLQ300,b'22:00',774,18.57
SLQ300,b'02:00',163,3.91
SLQ300,b'23:00',782,18.77
SLQ300,b'',32,0.77
SLQ300,b'07:30',1,0.02
SLQ300,b'04:00',30,0.72
SLQ300,b'21:30',181,4.34
SLQ300,b'01:00',226,5.42
SLQ300,b'00:30',52,1.25
SLQ300,b'19:30',8,0.19
SLQ300,b'20:00',105,2.52
SLQ300,b'21:45',4,0.1
SLQ300,b'20:30',70,1.68
SLQ300,b'10:00',11,0.26
SLQ300,b'05:00',13,0.31
SLQ300,b'02:30',8,0.19
SLQ300,b'01:30',21,0.5
SLQ300,b'99999',47,1.13
SLQ300,b'22:45',6,0.14
SLQ300,b'09:00',11,0.26
SLQ300,b'22:15',10,0.24
SLQ300,b'23:15',5,0.12
SLQ300,b'07:00',7,0.17
SLQ300,b'20:45',3,0.07
SLQ300,b'18:00',6,0.14
SLQ300,b'19:00',27,0.65
SLQ300,b'03:30',4,0.1
SLQ300,b'06:00',10,0.24
SLQ300,b'05:30',2,0.05
SLQ300,b'08:30',3,0.07
SLQ300,b'23:10',2,0.05
SLQ300,b'08:00',12,0.29
SLQ300,b'21:15',5,0.12
SLQ300,b'16:00',1,0.02
SLQ300,b'23:40',1,0.02
SLQ300,b'22:20',2,0.05
SLQ300,b'17:00',2,0.05
SLQ300,b'11:00',6,0.14
SLQ300,b'13:00',2,0.05
SLQ300,b'04:30',1,0.02
SLQ300,b'09:30',2,0.05
SLQ300,b'22:10',1,0.02
SLQ300,b'15:00',4,0.1
SLQ300,b'12:00',1,0.02
SLQ300,b'19:45',1,0.02
SLQ300,b'18:30',4,0.1
SLQ300,b'19:50',1,0.02
SLQ300,b'01:45',1,0.02
SLQ300,b'00:45',2,0.05
SLQ300,b'21:25',1,0.02
SLQ300,b'23:45',3,0.07
SLQ300,b'21:35',1,0.02
SLQ300,b'14:00',2,0.05
SLQ300,b'20:15',1,0.02
SLQ310,b'06:00',670,16.08
SLQ310,b'08:00',384,9.22
SLQ310,b'07:30',202,4.85
SLQ310,b'10:30',24,0.58
SLQ310,b'06:30',379,9.1
SLQ310,b'10:00',137,3.29
SLQ310,b'07:00',605,14.52
SLQ310,b'05:30',244,5.86
SLQ310,b'',32,0.77
SLQ310,b'14:30',2,0.05
SLQ310,b'05:15',18,0.43
SLQ310,b'05:00',384,9.22
SLQ310,b'04:00',143,3.43
SLQ310,b'09:00',189,4.54
SLQ310,b'05:50',6,0.14
SLQ310,b'07:45',11,0.26
SLQ310,b'11:00',46,1.1
SLQ310,b'03:00',61,1.46
SLQ310,b'02:00',13,0.31
SLQ310,b'08:30',63,1.51
SLQ310,b'06:15',29,0.7
SLQ310,b'03:30',32,0.77
SLQ310,b'07:15',13,0.31
SLQ310,b'13:00',13,0.31
SLQ310,b'12:00',38,0.91
SLQ310,b'06:20',3,0.07
SLQ310,b'06:45',45,1.08
SLQ310,b'04:30',96,2.3
SLQ310,b'16:00',11,0.26
SLQ310,b'04:45',10,0.24
SLQ310,b'02:50',1,0.02
SLQ310,b'15:00',17,0.41
SLQ310,b'09:30',41,0.98
SLQ310,b'17:00',6,0.14
SLQ310,b'06:50',3,0.07
SLQ310,b'99999',20,0.48
SLQ310,b'04:15',9,0.22
SLQ310,b'05:45',34,0.82
SLQ310,b'14:00',16,0.38
SLQ310,b'04:50',4,0.1
SLQ310,b'08:15',6,0.14
SLQ310,b'01:00',4,0.1
SLQ310,b'04:25',1,0.02
SLQ310,b'23:00',4,0.1
SLQ310,b'02:30',11,0.26
SLQ310,b'08:45',1,0.02
SLQ310,b'03:45',4,0.1
SLQ310,b'05:55',1,0.02
SLQ310,b'04:20',2,0.05
SLQ310,b'13:30',2,0.05
SLQ310,b'07:10',2,0.05
SLQ310,b'03:15',1,0.02
SLQ310,b'05:20',8,0.19
SLQ310,b'06:40',6,0.14
SLQ310,b'15:45',1,0.02
SLQ310,b'02:45',2,0.05
SLQ310,b'09:15',1,0.02
SLQ310,b'11:30',4,0.1
SLQ310,b'03:40',1,0.02
SLQ310,b'21:00',3,0.07
SLQ310,b'05:40',2,0.05
SLQ310,b'00:30',1,0.02
SLQ310,b'22:00',2,0.05
SLQ310,b'21:30',3,0.07
SLQ310,b'04:10',1,0.02
SLQ310,b'12:30',5,0.12
SLQ310,b'18:00',7,0.17
SLQ310,b'20:45',1,0.02
SLQ310,b'09:50',1,0.02
SLQ310,b'00:00',3,0.07
SLQ310,b'09:45',1,0.02
SLQ310,b'06:10',2,0.05
SLQ310,b'77777',1,0.02
SLQ310,b'03:20',1,0.02
SLQ310,b'23:30',2,0.05
SLQ310,b'02:10',1,0.02
SLQ310,b'06:55',1,0.02
SLQ310,b'15:30',2,0.05
SLQ310,b'07:25',1,0.02
SLQ310,b'01:30',1,0.02
SLQ310,b'08:10',2,0.05
SLQ310,b'08:50',1,0.02
SLQ310,b'16:30',1,0.02
SLQ310,b'06:05',1,0.02
SLQ310,b'05:25',1,0.02
SLQ310,b'07:20',1,0.02
SLQ310,b'11:45',1,0.02
SLQ310,b'06:35',1,0.02
SLD012,9.0,457,10.97
SLD012,8.0,1655,39.72
SLD012,7.0,622,14.93
SLD012,10.0,368,8.83
SLD012,14.0,17,0.41
SLD012,6.0,576,13.82
SLD012,5.0,149,3.58
SLD012,4.0,113,2.71
SLD012,3.0,25,0.6
SLD012,11.0,67,1.61
SLD012,,49,1.18
SLD012,12.0,33,0.79
SLD012,2.0,24,0.58
SLD012,13.0,12,0.29
SLQ320,b'21:00',208,4.99
SLQ320,b'00:00',725,17.4
SLQ320,b'03:00',145,3.48
SLQ320,b'22:30',227,5.45
SLQ320,b'00:30',76,1.82
SLQ320,b'01:00',395,9.48
SLQ320,b'22:00',603,14.47
SLQ320,b'02:00',278,6.67
SLQ320,b'23:00',795,19.08
SLQ320,b'20:30',44,1.06
SLQ320,b'23:30',199,4.78
SLQ320,b'04:00',58,1.39
SLQ320,b'21:30',98,2.35
SLQ320,b'19:30',4,0.1
SLQ320,b'20:00',66,1.58
SLQ320,b'21:45',4,0.1
SLQ320,b'01:30',29,0.7
SLQ320,b'11:00',3,0.07
SLQ320,b'05:00',13,0.31
SLQ320,b'77777',4,0.1
SLQ320,b'99999',45,1.08
SLQ320,b'23:15',4,0.1
SLQ320,b'18:00',8,0.19
SLQ320,b'22:15',5,0.12
SLQ320,b'',29,0.7
SLQ320,b'06:00',11,0.26
SLQ320,b'17:00',2,0.05
SLQ320,b'19:00',13,0.31
SLQ320,b'03:30',7,0.17
SLQ320,b'05:30',4,0.1
SLQ320,b'07:00',7,0.17
SLQ320,b'02:30',14,0.34
SLQ320,b'00:15',2,0.05
SLQ320,b'10:00',4,0.1
SLQ320,b'23:45',4,0.1
SLQ320,b'12:00',1,0.02
SLQ320,b'23:40',3,0.07
SLQ320,b'14:00',4,0.1
SLQ320,b'22:45',2,0.05
SLQ320,b'16:00',1,0.02
SLQ320,b'04:30',2,0.05
SLQ320,b'08:00',3,0.07
SLQ320,b'22:10',1,0.02
SLQ320,b'20:45',1,0.02
SLQ320,b'15:00',1,0.02
SLQ320,b'19:50',1,0.02
SLQ320,b'00:10',1,0.02
SLQ320,b'01:15',1,0.02
SLQ320,b'21:25',1,0.02
SLQ320,b'09:00',3,0.07
SLQ320,b'00:20',1,0.02
SLQ320,b'21:15',2,0.05
SLQ320,b'00:45',1,0.02
SLQ320,b'22:20',1,0.02
SLQ320,b'01:45',1,0.02
SLQ320,b'18:30',2,0.05
SLQ330,b'06:00',435,10.44
SLQ330,b'09:00',452,10.85
SLQ330,b'08:00',641,15.38
SLQ330,b'10:30',35,0.84
SLQ330,b'07:30',244,5.86
SLQ330,b'07:00',668,16.03
SLQ330,b'10:00',354,8.5
SLQ330,b'11:00',144,3.46
SLQ330,b'08:30',145,3.48
SLQ330,b'09:30',80,1.92
SLQ330,b'05:00',202,4.85
SLQ330,b'04:00',80,1.92
SLQ330,b'12:00',114,2.74
SLQ330,b'05:15',2,0.05
SLQ330,b'13:00',26,0.62
SLQ330,b'03:00',28,0.67
SLQ330,b'05:30',104,2.5
SLQ330,b'07:15',4,0.1
SLQ330,b'06:30',188,4.51
SLQ330,b'20:00',1,0.02
SLQ330,b'04:30',33,0.79
SLQ330,b'02:00',9,0.22
SLQ330,b'06:45',7,0.17
SLQ330,b'15:00',13,0.31
SLQ330,b'14:00',17,0.41
SLQ330,b'99999',23,0.55
SLQ330,b'',29,0.7
SLQ330,b'07:45',5,0.12
SLQ330,b'05:45',9,0.22
SLQ330,b'04:40',1,0.02
SLQ330,b'13:30',3,0.07
SLQ330,b'77777',2,0.05
SLQ330,b'05:55',1,0.02
SLQ330,b'23:00',2,0.05
SLQ330,b'03:45',1,0.02
SLQ330,b'07:10',1,0.02
SLQ330,b'11:30',9,0.22
SLQ330,b'08:15',1,0.02
SLQ330,b'00:00',3,0.07
SLQ330,b'00:30',1,0.02
SLQ330,b'14:30',2,0.05
SLQ330,b'21:00',2,0.05
SLQ330,b'02:30',5,0.12
SLQ330,b'12:30',4,0.1
SLQ330,b'17:00',4,0.1
SLQ330,b'18:00',1,0.02
SLQ330,b'21:30',1,0.02
SLQ330,b'03:30',8,0.19
SLQ330,b'04:15',1,0.02
SLQ330,b'01:00',1,0.02
SLQ330,b'05:20',1,0.02
SLQ330,b'06:40',1,0.02
SLQ330,b'16:00',9,0.22
SLQ330,b'08:40',1,0.02
SLQ330,b'06:15',3,0.07
SLQ330,b'08:45',1,0.02
SLQ330,b'06:05',1,0.02
SLQ330,b'19:00',1,0.02
SLQ330,b'11:45',1,0.02
SLQ330,b'07:40',1,0.02
SLQ330,b'06:35',1,0.02
SLD013,9.0,726,17.42
SLD013,8.0,1480,35.52
SLD013,7.0,444,10.66
SLD013,14.0,23,0.55
SLD013,10.0,594,14.25
SLD013,6.0,345,8.28
SLD013,12.0,99,2.38
SLD013,11.0,157,3.77
SLD013,5.0,104,2.5
SLD013,4.0,76,1.82
SLD013,3.0,24,0.58
SLD013,,53,1.27
SLD013,2.0,20,0.48
SLD013,13.0,22,0.53
SMD460,0.0,2949,70.77
SMD460,2.0,284,6.82
SMD460,1.0,668,16.03
SMD460,,260,6.24
SMD460,777.0,5,0.12
SMD460,999.0,1,0.02
SMD470,,3215,77.15
SMD470,2.0,122,2.93
SMD470,0.0,536,12.86
SMD470,1.0,294,7.06
SMQ681,2.0,3416,81.98
SMQ681,1.0,741,17.78
SMQ681,,7,0.17
SMQ681,9.0,2,0.05
SMQ681,7.0,1,0.02
SMQ690A,,3530,84.71
SMQ690A,1.0,633,15.19
SMQ690A,77.0,1,0.02
SMQ690A,99.0,3,0.07
SMQ710,,3534,84.81
SMQ710,5.0,487,11.69
SMQ710,4.0,42,1.01
SMQ710,3.0,36,0.86
SMQ710,2.0,37,0.89
SMQ710,1.0,29,0.7
SMQ710,7.0,1,0.02
SMQ710,9.0,1,0.02
SMQ720,,3534,84.81
SMQ720,5.0,66,1.58
SMQ720,10.0,94,2.26
SMQ720,9.0,21,0.5
SMQ720,20.0,81,1.94
SMQ720,6.0,36,0.86
SMQ720,15.0,54,1.3
SMQ720,3.0,38,0.91
SMQ720,30.0,10,0.24
SMQ720,12.0,16,0.38
SMQ720,4.0,34,0.82
SMQ720,25.0,14,0.34
SMQ720,8.0,21,0.5
SMQ720,7.0,27,0.65
SMQ720,2.0,38,0.91
SMQ720,1.0,41,0.98
SMQ720,22.0,4,0.1
SMQ720,777.0,1,0.02
SMQ720,18.0,5,0.12
SMQ720,11.0,5,0.12
SMQ720,40.0,12,0.29
SMQ720,14.0,3,0.07
SMQ720,19.0,2,0.05
SMQ720,16.0,4,0.1
SMQ720,17.0,3,0.07
SMQ720,35.0,1,0.02
SMQ720,24.0,1,0.02
SMQ720,999.0,1,0.02
SMQ725,,3537,84.88
SMQ725,1.0,529,12.69
SMQ725,2.0,65,1.56
SMQ725,3.0,35,0.84
SMQ725,9.0,1,0.02
SMQ690B,,4145,99.47
SMQ690B,2.0,22,0.53
SMQ740,,4145,99.47
SMQ740,2.0,5,0.12
SMQ740,1.0,6,0.14
SMQ740,3.0,3,0.07
SMQ740,4.0,4,0.1
SMQ740,5.0,4,0.1
SMQ690C,,4074,97.77
SMQ690C,3.0,93,2.23
SMQ770,,4074,97.77
SMQ770,1.0,23,0.55
SMQ770,5.0,32,0.77
SMQ770,3.0,14,0.34
SMQ770,4.0,8,0.19
SMQ770,2.0,16,0.38
SMQ690G,,4133,99.18
SMQ690G,7.0,34,0.82
SMQ845,,4133,99.18
SMQ845,1.0,14,0.34
SMQ845,5.0,11,0.26
SMQ845,3.0,2,0.05
SMQ845,2.0,7,0.17
SMQ846,2.0,3830,91.91
SMQ846,1.0,325,7.8
SMQ846,9.0,4,0.1
SMQ846,,7,0.17
SMQ846,7.0,1,0.02
SMQ849,,3842,92.2
SMQ849,2.0,48,1.15
SMQ849,4.0,17,0.41
SMQ849,5.0,173,4.15
SMQ849,1.0,58,1.39
SMQ849,3.0,29,0.7
SMQ851,2.0,4088,98.1
SMQ851,1.0,65,1.56
SMQ851,,11,0.26
SMQ851,7.0,2,0.05
SMQ851,9.0,1,0.02
SMQ690D,,4135,99.23
SMQ690D,4.0,23,0.55
SMQ690D,99.0,8,0.19
SMQ690D,77.0,1,0.02
SMQ690E,,4160,99.83
SMQ690E,5.0,7,0.17
SMQ690K,,4133,99.18
SMQ690K,11.0,34,0.82
SMQ863,2.0,4079,97.89
SMQ863,1.0,71,1.7
SMQ863,,16,0.38
SMQ863,7.0,1,0.02
SMQ690F,,4096,98.3
SMQ690F,6.0,71,1.7
SMDANY,2.0,3140,75.35
SMDANY,1.0,1008,24.19
SMDANY,,18,0.43
SMDANY,7.0,1,0.02
SMQ020,1.0,1679,40.29
SMQ020,2.0,2479,59.49
SMQ020,9.0,4,0.1
SMQ020,,2,0.05
SMQ020,7.0,3,0.07
SMQ040,3.0,1049,25.17
SMQ040,,2488,59.71
SMQ040,1.0,517,12.41
SMQ040,2.0,113,2.71
SMD641,,4046,97.1
SMD641,17.0,1,0.02
SMD641,7.0,2,0.05
SMD641,0.0,5,0.12
SMD641,30.0,8,0.19
SMD641,14.0,2,0.05
SMD641,4.0,4,0.1
SMD641,2.0,11,0.26
SMD641,15.0,15,0.36
SMD641,3.0,6,0.14
SMD641,20.0,19,0.46
SMD641,10.0,13,0.31
SMD641,8.0,7,0.17
SMD641,5.0,5,0.12
SMD641,27.0,1,0.02
SMD641,6.0,1,0.02
SMD641,1.0,6,0.14
SMD641,25.0,4,0.1
SMD641,12.0,5,0.12
SMD641,99.0,3,0.07
SMD641,28.0,1,0.02
SMD641,23.0,1,0.02
SMD641,29.0,1,0.02
SMD650,,3545,85.07
SMD650,20.0,121,2.9
SMD650,5.0,49,1.18
SMD650,3.0,28,0.67
SMD650,10.0,118,2.83
SMD650,30.0,12,0.29
SMD650,12.0,22,0.53
SMD650,15.0,46,1.1
SMD650,7.0,22,0.53
SMD650,40.0,14,0.34
SMD650,6.0,34,0.82
SMD650,2.0,37,0.89
SMD650,4.0,24,0.58
SMD650,1.0,50,1.2
SMD650,25.0,10,0.24
SMD650,8.0,11,0.26
SMD650,60.0,2,0.05
SMD650,18.0,2,0.05
SMD650,95.0,2,0.05
SMD650,11.0,3,0.07
SMD650,16.0,4,0.1
SMD650,999.0,4,0.1
SMD650,50.0,1,0.02
SMD650,17.0,1,0.02
SMD650,90.0,1,0.02
SMD650,13.0,1,0.02
SMD650,9.0,1,0.02
SMD650,24.0,1,0.02
SMD650,26.0,1,0.02
SMD100MN,,3545,85.07
SMD100MN,0.0,375,9.0
SMD100MN,1.0,246,5.9
SMD100MN,9.0,1,0.02
SMQ621,,4167,100.0
SMD630,,4167,100.0
SMAQUEX2,1,4167,100.0
WHD010,70,284,6.82
WHD010,60,144,3.46
WHD010,68,285,6.84
WHD010,69,285,6.84
WHD010,61,170,4.08
WHD010,63,333,7.99
WHD010,62,317,7.61
WHD010,67,351,8.42
WHD010,65,351,8.42
WHD010,64,388,9.31
WHD010,66,395,9.48
WHD010,74,98,2.35
WHD010,59,83,1.99
WHD010,71,210,5.04
WHD010,9999,21,0.5
WHD010,72,216,5.18
WHD010,73,99,2.38
WHD010,75,38,0.91
WHD010,58,19,0.46
WHD010,54,2,0.05
WHD010,56,4,0.1
WHD010,57,16,0.38
WHD010,76,29,0.7
WHD010,77,16,0.38
WHD010,53,1,0.02
WHD010,51,1,0.02
WHD010,82,1,0.02
WHD010,78,3,0.07
WHD010,79,2,0.05
WHD010,55,2,0.05
WHD010,81,1,0.02
WHD010,80,1,0.02
WHD010,7777,1,0.02
WHD020,220,96,2.3
WHD020,150,114,2.74
WHD020,200,123,2.95
WHD020,228,10,0.24
WHD020,307,2,0.05
WHD020,280,30,0.72
WHD020,143,15,0.36
WHD020,285,8,0.19
WHD020,160,149,3.58
WHD020,9999,27,0.65
WHD020,190,130,3.12
WHD020,170,127,3.05
WHD020,165,115,2.76
WHD020,270,32,0.77
WHD020,174,18,0.43
WHD020,216,7,0.17
WHD020,185,109,2.62
WHD020,205,43,1.03
WHD020,214,16,0.38
WHD020,155,83,1.99
WHD020,138,32,0.77
WHD020,295,5,0.12
WHD020,203,11,0.26
WHD020,164,21,0.5
WHD020,122,16,0.38
WHD020,265,21,0.5
WHD020,130,95,2.28
WHD020,123,16,0.38
WHD020,219,6,0.14
WHD020,126,8,0.19
WHD020,84,1,0.02
WHD020,210,72,1.73
WHD020,180,135,3.24
WHD020,300,15,0.36
WHD020,162,26,0.62
WHD020,127,13,0.31
WHD020,178,30,0.72
WHD020,135,92,2.21
WHD020,226,9,0.22
WHD020,352,1,0.02
WHD020,197,13,0.31
WHD020,140,113,2.71
WHD020,177,10,0.24
WHD020,192,19,0.46
WHD020,230,66,1.58
WHD020,167,19,0.46
WHD020,206,13,0.31
WHD020,120,56,1.34
WHD020,183,15,0.36
WHD020,232,8,0.19
WHD020,146,15,0.36
WHD020,240,70,1.68
WHD020,215,66,1.58
WHD020,204,16,0.38
WHD020,187,21,0.5
WHD020,245,30,0.72
WHD020,121,9,0.22
WHD020,225,41,0.98
WHD020,176,15,0.36
WHD020,209,5,0.12
WHD020,306,4,0.1
WHD020,158,21,0.5
WHD020,250,32,0.77
WHD020,125,55,1.32
WHD020,211,6,0.14
WHD020,181,9,0.22
WHD020,182,14,0.34
WHD020,110,34,0.82
WHD020,154,18,0.43
WHD020,132,19,0.46
WHD020,168,32,0.77
WHD020,234,7,0.17
WHD020,161,12,0.29
WHD020,235,36,0.86
WHD020,260,28,0.67
WHD020,218,9,0.22
WHD020,115,30,0.72
WHD020,175,109,2.62
WHD020,128,28,0.67
WHD020,117,16,0.38
WHD020,7777,20,0.48
WHD020,195,69,1.66
WHD020,145,81,1.94
WHD020,380,3,0.07
WHD020,196,11,0.26
WHD020,147,15,0.36
WHD020,275,20,0.48
WHD020,315,5,0.12
WHD020,198,27,0.65
WHD020,202,16,0.38
WHD020,105,17,0.41
WHD020,173,19,0.46
WHD020,118,11,0.26
WHD020,90,3,0.07
WHD020,255,12,0.29
WHD020,325,9,0.22
WHD020,258,4,0.1
WHD020,244,4,0.1
WHD020,133,8,0.19
WHD020,310,3,0.07
WHD020,109,3,0.07
WHD020,357,1,0.02
WHD020,153,20,0.48
WHD020,151,7,0.17
WHD020,186,15,0.36
WHD020,156,10,0.24
WHD020,166,12,0.29
WHD020,131,12,0.29
WHD020,172,24,0.58
WHD020,193,5,0.12
WHD020,212,19,0.46
WHD020,249,2,0.05
WHD020,254,3,0.07
WHD020,410,1,0.02
WHD020,217,14,0.34
WHD020,320,12,0.29
WHD020,163,20,0.48
WHD020,136,6,0.14
WHD020,188,10,0.24
WHD020,113,4,0.1
WHD020,157,13,0.31
WHD020,142,23,0.55
WHD020,169,10,0.24
WHD020,272,5,0.12
WHD020,213,14,0.34
WHD020,119,6,0.14
WHD020,375,4,0.1
WHD020,242,7,0.17
WHD020,101,2,0.05
WHD020,159,10,0.24
WHD020,144,13,0.31
WHD020,104,4,0.1
WHD020,124,10,0.24
WHD020,208,9,0.22
WHD020,256,4,0.1
WHD020,148,25,0.6
WHD020,108,10,0.24
WHD020,100,11,0.26
WHD020,98,3,0.07
WHD020,400,3,0.07
WHD020,274,3,0.07
WHD020,116,7,0.17
WHD020,223,5,0.12
WHD020,134,14,0.34
WHD020,201,7,0.17
WHD020,224,7,0.17
WHD020,152,24,0.58
WHD020,189,9,0.22
WHD020,241,3,0.07
WHD020,390,2,0.05
WHD020,137,16,0.38
WHD020,290,7,0.17
WHD020,243,3,0.07
WHD020,149,6,0.14
WHD020,129,13,0.31
WHD020,317,2,0.05
WHD020,247,6,0.14
WHD020,70,1,0.02
WHD020,103,4,0.1
WHD020,191,4,0.1
WHD020,179,14,0.34
WHD020,239,5,0.12
WHD020,314,2,0.05
WHD020,397,1,0.02
WHD020,111,6,0.14
WHD020,268,2,0.05
WHD020,252,4,0.1
WHD020,199,5,0.12
WHD020,237,3,0.07
WHD020,236,4,0.1
WHD020,112,10,0.24
WHD020,194,12,0.29
WHD020,207,6,0.14
WHD020,141,9,0.22
WHD020,350,5,0.12
WHD020,316,1,0.02
WHD020,106,1,0.02
WHD020,334,1,0.02
WHD020,233,2,0.05
WHD020,319,1,0.02
WHD020,330,4,0.1
WHD020,139,10,0.24
WHD020,221,6,0.14
WHD020,102,6,0.14
WHD020,269,2,0.05
WHD020,95,5,0.12
WHD020,355,1,0.02
WHD020,279,2,0.05
WHD020,344,2,0.05
WHD020,96,2,0.05
WHD020,248,5,0.12
WHD020,271,1,0.02
WHD020,286,1,0.02
WHD020,434,1,0.02
WHD020,530,1,0.02
WHD020,184,7,0.17
WHD020,278,2,0.05
WHD020,114,5,0.12
WHD020,261,3,0.07
WHD020,227,4,0.1
WHD020,99,2,0.05
WHD020,500,1,0.02
WHD020,340,1,0.02
WHD020,89,1,0.02
WHD020,287,2,0.05
WHD020,345,2,0.05
WHD020,329,1,0.02
WHD020,450,2,0.05
WHD020,335,2,0.05
WHD020,298,2,0.05
WHD020,283,1,0.02
WHD020,222,2,0.05
WHD020,294,1,0.02
WHD020,360,5,0.12
WHD020,171,4,0.1
WHD020,282,3,0.07
WHD020,107,7,0.17
WHD020,385,1,0.02
WHD020,292,3,0.07
WHD020,97,3,0.07
WHD020,328,1,0.02
WHD020,231,3,0.07
WHD020,253,1,0.02
WHD020,267,1,0.02
WHD020,238,7,0.17
WHD020,323,1,0.02
WHD020,303,1,0.02
WHD020,229,3,0.07
WHD020,327,1,0.02
WHD020,246,2,0.05
WHD020,297,2,0.05
WHD020,312,1,0.02
WHD020,365,1,0.02
WHD020,277,1,0.02
WHD020,308,1,0.02
WHD020,291,1,0.02
WHD020,273,2,0.05
WHD020,86,1,0.02
WHD020,288,2,0.05
WHD020,94,2,0.05
WHD020,296,1,0.02
WHD020,264,1,0.02
WHD020,259,2,0.05
WHD020,266,1,0.02
WHD020,257,1,0.02
WHD020,322,1,0.02
WHD020,93,1,0.02
WHD020,304,1,0.02
WHD020,92,1,0.02
WHD020,263,2,0.05
WHD020,276,1,0.02
WHD020,305,1,0.02
WHD020,80,1,0.02
WHD020,370,1,0.02
WHD020,262,1,0.02
WHD020,63,1,0.02
WHD050,220,105,2.52
WHD050,165,106,2.54
WHD050,180,162,3.89
WHD050,265,25,0.6
WHD050,235,35,0.84
WHD050,320,13,0.31
WHD050,280,24,0.58
WHD050,143,14,0.34
WHD050,285,18,0.43
WHD050,160,142,3.41
WHD050,9999,60,1.44
WHD050,170,138,3.31
WHD050,155,70,1.68
WHD050,185,116,2.78
WHD050,240,59,1.42
WHD050,176,13,0.31
WHD050,226,5,0.12
WHD050,214,5,0.12
WHD050,135,90,2.16
WHD050,295,12,0.29
WHD050,210,73,1.75
WHD050,145,111,2.66
WHD050,122,15,0.36
WHD050,200,149,3.58
WHD050,272,3,0.07
WHD050,130,110,2.64
WHD050,123,8,0.19
WHD050,120,69,1.66
WHD050,126,9,0.22
WHD050,162,23,0.55
WHD050,82,1,0.02
WHD050,300,20,0.48
WHD050,138,19,0.46
WHD050,167,20,0.48
WHD050,127,9,0.22
WHD050,178,23,0.55
WHD050,239,3,0.07
WHD050,330,6,0.14
WHD050,154,19,0.46
WHD050,172,27,0.65
WHD050,175,108,2.59
WHD050,191,3,0.07
WHD050,248,3,0.07
WHD050,186,17,0.41
WHD050,190,117,2.81
WHD050,222,9,0.22
WHD050,250,63,1.51
WHD050,230,84,2.02
WHD050,187,18,0.43
WHD050,140,129,3.1
WHD050,245,29,0.7
WHD050,184,5,0.12
WHD050,115,33,0.79
WHD050,215,75,1.8
WHD050,225,52,1.25
WHD050,150,137,3.29
WHD050,205,45,1.08
WHD050,218,15,0.36
WHD050,327,3,0.07
WHD050,158,21,0.5
WHD050,125,66,1.58
WHD050,256,4,0.1
WHD050,168,22,0.53
WHD050,110,37,0.89
WHD050,132,16,0.38
WHD050,236,4,0.1
WHD050,128,25,0.6
WHD050,100,13,0.31
WHD050,124,11,0.26
WHD050,7777,17,0.41
WHD050,195,58,1.39
WHD050,189,10,0.24
WHD050,242,7,0.17
WHD050,450,1,0.02
WHD050,147,12,0.29
WHD050,275,14,0.34
WHD050,146,10,0.24
WHD050,183,17,0.41
WHD050,202,12,0.29
WHD050,174,18,0.43
WHD050,97,2,0.05
WHD050,171,3,0.07
WHD050,177,5,0.12
WHD050,156,13,0.31
WHD050,260,39,0.94
WHD050,103,8,0.19
WHD050,148,18,0.43
WHD050,90,4,0.1
WHD050,255,19,0.46
WHD050,286,2,0.05
WHD050,208,11,0.26
WHD050,270,33,0.79
WHD050,212,13,0.31
WHD050,144,11,0.26
WHD050,318,1,0.02
WHD050,430,2,0.05
WHD050,118,9,0.22
WHD050,98,6,0.14
WHD050,228,10,0.24
WHD050,151,3,0.07
WHD050,182,15,0.36
WHD050,251,1,0.02
WHD050,237,6,0.14
WHD050,136,12,0.29
WHD050,223,5,0.12
WHD050,244,2,0.05
WHD050,216,3,0.07
WHD050,206,9,0.22
WHD050,278,4,0.1
WHD050,221,5,0.12
WHD050,274,7,0.17
WHD050,390,5,0.12
WHD050,290,18,0.43
WHD050,117,7,0.17
WHD050,163,12,0.29
WHD050,188,7,0.17
WHD050,159,7,0.17
WHD050,157,20,0.48
WHD050,142,19,0.46
WHD050,169,8,0.19
WHD050,198,22,0.53
WHD050,207,7,0.17
WHD050,395,2,0.05
WHD050,213,4,0.1
WHD050,410,1,0.02
WHD050,104,4,0.1
WHD050,315,6,0.14
WHD050,209,3,0.07
WHD050,134,15,0.36
WHD050,108,6,0.14
WHD050,96,1,0.02
WHD050,197,7,0.17
WHD050,164,12,0.29
WHD050,116,10,0.24
WHD050,153,9,0.22
WHD050,137,5,0.12
WHD050,106,3,0.07
WHD050,193,4,0.1
WHD050,112,17,0.41
WHD050,246,2,0.05
WHD050,249,2,0.05
WHD050,425,1,0.02
WHD050,131,8,0.19
WHD050,224,3,0.07
WHD050,133,7,0.17
WHD050,109,4,0.1
WHD050,211,3,0.07
WHD050,149,6,0.14
WHD050,217,12,0.29
WHD050,194,12,0.29
WHD050,281,2,0.05
WHD050,247,2,0.05
WHD050,179,11,0.26
WHD050,219,7,0.17
WHD050,152,10,0.24
WHD050,196,16,0.38
WHD050,354,2,0.05
WHD050,294,1,0.02
WHD050,253,3,0.07
WHD050,252,4,0.1
WHD050,204,3,0.07
WHD050,105,14,0.34
WHD050,111,1,0.02
WHD050,380,1,0.02
WHD050,243,3,0.07
WHD050,119,5,0.12
WHD050,234,4,0.1
WHD050,141,4,0.1
WHD050,238,5,0.12
WHD050,88,1,0.02
WHD050,350,9,0.22
WHD050,276,2,0.05
WHD050,113,2,0.05
WHD050,378,1,0.02
WHD050,161,4,0.1
WHD050,227,6,0.14
WHD050,121,6,0.14
WHD050,139,9,0.22
WHD050,268,3,0.07
WHD050,102,5,0.12
WHD050,192,17,0.41
WHD050,173,8,0.19
WHD050,199,5,0.12
WHD050,261,1,0.02
WHD050,254,2,0.05
WHD050,267,3,0.07
WHD050,232,7,0.17
WHD050,365,2,0.05
WHD050,279,1,0.02
WHD050,340,5,0.12
WHD050,291,1,0.02
WHD050,310,6,0.14
WHD050,447,1,0.02
WHD050,530,1,0.02
WHD050,298,3,0.07
WHD050,500,1,0.02
WHD050,296,2,0.05
WHD050,385,1,0.02
WHD050,346,2,0.05
WHD050,287,4,0.1
WHD050,355,2,0.05
WHD050,400,1,0.02
WHD050,360,4,0.1
WHD050,421,1,0.02
WHD050,114,4,0.1
WHD050,469,1,0.02
WHD050,129,5,0.12
WHD050,288,3,0.07
WHD050,282,2,0.05
WHD050,436,1,0.02
WHD050,107,7,0.17
WHD050,203,3,0.07
WHD050,292,1,0.02
WHD050,101,1,0.02
WHD050,374,2,0.05
WHD050,364,1,0.02
WHD050,80,1,0.02
WHD050,325,4,0.1
WHD050,166,6,0.14
WHD050,289,3,0.07
WHD050,229,1,0.02
WHD050,336,1,0.02
WHD050,299,1,0.02
WHD050,95,4,0.1
WHD050,201,2,0.05
WHD050,342,1,0.02
WHD050,181,4,0.1
WHD050,312,1,0.02
WHD050,233,3,0.07
WHD050,305,2,0.05
WHD050,284,2,0.05
WHD050,283,1,0.02
WHD050,293,1,0.02
WHD050,262,2,0.05
WHD050,231,1,0.02
WHD050,263,1,0.02
WHD050,375,1,0.02
WHD050,307,1,0.02
WHD050,94,2,0.05
WHD050,93,1,0.02
WHD050,480,1,0.02
WHD050,297,1,0.02
WHD050,335,1,0.02
WHD050,303,1,0.02
WHD050,241,1,0.02
WHD050,393,1,0.02
WHD050,348,1,0.02
WHD050,370,1,0.02
WHD050,499,1,0.02
WHD050,67,1,0.02
WHD050,388,1,0.02
WHQ070,2,2118,50.83
WHQ070,1,2048,49.15
WHQ070,7,1,0.02
